order_id,user_id,order_date,city,pay_amount,pay_type
10001,U0256,2025-06-13,淄博,187.32,支付宝
10002,U0306,2025-01-29,济宁,152.4,微信
10003,U0275,2025-01-07,烟台,195.62,微信
10004,U0009,2025-03-12,威海,243.77,支付宝
10005,U0264,2025-03-04,威海,147.12,支付宝
10006,U0295,2025-02-27,枣庄,147.12,微信
10007,U0124,2025-02-05,聊城,246.86,支付宝
10008,U0074,2025-01-27,济南,202.21,支付宝
10009,U0150,2025-06-23,潍坊,134.18,支付宝
10010,U0220,2025-05-20,日照,189.84,支付宝
10011,U0001,2025-01-23,泰安,134.51,微信
10012,U0315,2025-06-01,威海,134.38,支付宝
10013,U0181,2025-04-19,潍坊,173.31,微信
10014,U0124,2025-01-09,泰安,54.77,微信
10015,U0293,2025-01-08,济南,65.13,微信
10016,U0214,2025-01-24,济宁,129.07,微信
10017,U0096,2025-02-25,烟台,104.29,支付宝
10018,U0044,2025-03-01,临沂,177.28,支付宝
10019,U0269,2025-05-10,临沂,110.06,微信
10020,U0185,2025-06-04,潍坊,82.32,支付宝
10021,U0035,,聊城,240.61,支付宝
10022,U0270,2025-05-24,淄博,147.58,支付宝
10023,U0279,2025-02-20,聊城,163.71,支付宝
10024,U0260,2025-06-16,聊城,81.64,支付宝
10025,U0260,2025-06-29,淄博,130.06,支付宝
10026,U0284,2025-05-20,青岛,166.1,支付宝
10027,U0011,2025-04-18,日照,96.7,微信
10028,U0200,2025-02-26,青岛,180.66,支付宝
10029,U0241,2025-04-25,青岛,126.96,微信
10030,U0023,2025-05-31,临沂,143.96,支付宝
10031,U0199,2025-03-13,济宁,126.91,微信
10032,U0192,2025-01-02,济南,261.88,微信
10033,U0130,2025-02-10,潍坊,159.26,支付宝
10034,U0009,2025-06-28,威海,101.83,支付宝
10035,U0183,2025-04-19,淄博,205.24,支付宝
10036,U0035,2025-03-29,枣庄,92.85,支付 宝
10037,U0177,2025-03-13,泰安,171.49,支付宝
10038,U0124,2025-02-09,济南,52.22,微信
10039,U0054,2025-02-25,烟台,86.95,支付宝
10040,U0298,2025-03-28,济南,170.83,支付宝
10041,U0171,2025-01-27,潍坊,200.62,支付宝
10042,U0069,2025-01-24,济宁,169.43,微信
10043,U0023,2025-04-08,青岛,153.64,微信
10044,U0181,2025-01-25,日照,143.44,支付宝
10045,U0280,2025-04-02,日照,78.68,支付宝
10046,U0174,2025-03-30,威海,120.41,支付宝
10047,U0090,2025-06-04,枣庄,134.66,微信
10048,U0238,2025-03-09,临沂,218.14,微信
10049,U0246,2025-01-12,济宁,178.9,微信
10050,U0094,2025-04-28,济南,63.03,支付宝
10051,U0070,2025-05-18,临沂,177.82,微信
10052,U0033,2025-02-01,,138.82,支付宝
10053,U0235,2025-04-07,日照,122.77,支付宝
10054,U0019,2025-01-21,青岛,193.64,支付宝
10055,U0151,2025-05-22,济宁,216.7,支付宝
10056,U0104,2025-03-17,枣庄,211.22,支付宝
10057,U0023,2025-06-10,济宁,113.84,支付宝
10058,U0103,2025-06-08,青岛,142.99,支付宝
10059,U0022,2025-04-03,德州,178.22,支付宝
10060,U0162,2025-05-28,潍坊,213.65,支付宝
10061,U0159,2025-02-19,枣庄,133.65,支付宝
10062,U0264,2025-06-30,枣庄,149.79,微信
10063,U0204,2025-01-18,日照,99.15,微信
10064,U0279,2025-01-12,青岛,94.21,微信
10065,U0243,2025-06-19,济宁,204.69,微信
10066,U0130,2025-02-28,日照,234.59,微信
10067,U0019,2025-03-16,淄博,156.04,支付宝
10068,U0098,2025-01-21,潍坊,215.19,微信
10069,U0147,2025-03-01, 泰安 ,179.89,微信
10070,U0183,2025-01-26,烟台,124.52,微信
10071,U0025,2025-04-08,潍坊,179.88,支付宝
10072,U0170,2025-03-13,烟台,244.59,微信
10073,U0140,2025-04-27,泰安,158.03,微信
10074,U0064,2025-06-12,枣庄,246.06,微信
10075,U0189,2025-04-04,济南,15.91,支付宝
10076,U0224,2025-02-11,青岛,205.2,微信
10077,U0205,2025-04-05,枣庄,164.79,微信
10078,U0226,2025-04-01,枣庄,143.55,支付宝
10079,U0198,2025-02-23,青岛,165.05,微信
10080,U0174,2025-06-21,临沂,50.68,微信
10081,U0096,2025-03-10,青岛,147.92,支付宝
10082,U0255,2025-06-29,威海,179.64,微信
10083,U0255,2025/04/21,济南,241.28,微信
10084,U0189,2025-06-15,泰安,131.5,支付宝
10085,U0266,2025-01-19,德州,115.53,支付宝
10086,U0137,2025-06-05,聊城,132.4,微信
10087,U0043,2025-06-12,日照,210.35,微信
10088,U0218,2025-02-13,济宁,178.08,支付宝
10089,U0041,2025-05-17,济宁,130.86,支付宝
10090,U0221,2025-03-04,日照,188.23,微信
10091,U0309,2025-02-11,烟台,165.34,微信
10092,U0093,2025-04-29,德州,213.28,微信
10093,U0280,2025-04-08,淄博,121.39, 支付宝
10094,U0151,2025-03-11,潍坊,141.98,微信
10095,U0165,2025-06-13,德州,138.43,支付宝
10096,U0053,2025-06-26,威海,79.51,支付宝
10097,U0041,2025-05-23,临沂,176.29,支付宝
10098,U0168,2025-02-26,淄博,174.36,支付宝
10099,U0152,2025-06-25,济南,160.28,支付宝
10100,U0157,2025-03-25,潍坊,147.1,支付宝
10101,U0229,2025-01-15,淄博,82.15,微信
10102,U0309,2025-02-28,潍坊,136.86,微信
10103,U0219,2025-01-09,淄博,141.15,支付宝
10104,U0086,2025-03-22,日照,115.87,支付宝
10105,U0228,2025-04-13,枣庄,151.13,支付宝
10106,U0180,2025-03-10,威海,182.22,支付宝
10107,U0229,2025-01-17,临沂,263.74,支付宝
10108,U0022,2025-02-24,枣庄,169.6,微信
10109,U0181,2025-05-26,青岛,174.17,微信
10110,U0315,2025-03-22,济宁,155.91,支付宝
10111,U0223,2025-02-24,潍坊,54.47,支付宝
10112,U0141,2025-06-17,聊城,158.54,支付宝
10113,U0030,2025-05-08,济南,163.31,支付宝
10114,U0039,2025-04-12,淄博,295.48,支付宝
10115,U0208,2025-06-14,威海,149.42,微信
10116,U0187,2025-04-28, 淄博 ,176.59,支付宝
10117,U0263,2025-02-06,德州,158.09,微信
10118,U0082,2025-03-09,威海,95.72,微信
10119,U0016,2025-02-05,日照,222.86,微信
10120,U0074,2025-03-05,威海,201.36,支付宝
10121,U0312,2025-05-24,泰安,203.51,支付宝
10122,U0225,2025-05-18,济宁,109.98,支付宝
10123,U0018,2025-03-09,德州,237.15,微信
10124,U0065,2025-05-30,枣庄,82.9,支付宝
10125,U0035,2025-04-20,泰安,192.28,支付宝
10126,U0121,2025-05-30,泰安,280.48,支付宝
10127,U0188,2025-04-13,临沂,105.52,微信
10128,U0186,2025-04-03,德州,128.85,支付宝
10129,U0197,2025-02-26,临沂,,支付宝
10130,U0291,2025-02-05,泰安,132.31,微信
10131,U0017,2025-05-11,济南,74.71,微信
10132,U0310,2025-05-07,潍坊,163.77,支付宝
10133,U0079,2025-01-24,济宁,101.57,微信
10134,U0231,2025-01-13,日照,186.05,支付宝
10135,U0190,2025-01-29,潍坊,109.43,支付宝
10136,U0191,2025-02-09,临沂,245.25,支付宝
10137,U0228,2025-06-10,日照,116.92,微信
10138,U0040,2025-02-10,泰安,142.29,微信
10139,U0294,2025-06-24,威海,204.74,支付宝
10140,U0071,2025-04-19,青岛,92.3,支付宝
10141,U0272,2025-06-02,烟台,172.51,微信
10142,U0188,2025-01-17,聊城,231.89,支付宝
10143,U0204,2025-04-09,德州,71.59,微信
10144,U0161,2025-04-08,,170.15,支付宝
10145,U0143,2025-06-02,济宁,174.29,微信
10146,U0128,2025-04-30,潍坊,203.0,支付宝
10147,U0059,2025-05-16,淄博,91.97,支付宝
10148,U0014,2025-03-06,潍坊,87.37,支付宝
10149,U0096,2025-05-22,淄博,188.71,支付宝
10150,U0256,2025-01-03,烟台,176.33,微信
10151,U0266,2025-06-24,青岛,173.78,微信
10152,U0199,2025-01-30,淄博,179.05,微信
10153,U0288,2025-06-24,枣庄,122.6,微信
10154,U0061,2025-05-18,济南,172.77,支付宝
10155,U0135,2025-03-10,德州,176.12,微信
10156,U0134,2025-06-14,聊城,120.71,支付宝
10157,U0229,2025-03-29,威海,262.62,支付宝
10158,U0110,2025-01-29,威海,186.06,支付宝
10159,U0314,2025-03-17,淄博,94.48,支付宝
10160,U0147,2025-04-22,德州,196.11,微信
10161,U0252,2025-02-10,潍坊,106.39,支付宝
10162,U0103,2025-04-27,济宁,203.29,微信
10163,U0063,2025-01-01,潍坊,223.72,微信
10164,U0070,2025-03-09,泰安,114.86,微信
10165,U0038,2025-05-09,泰安,212.99,微信
10166,U0232,2025-02-15,威海,182.7,微信
10167,U0089,2025-05-10,威海,205.21,微信
10168,U0228,2025-01-28,威海,264.32,支付宝
10169,U0045,2025-06-10,德州,146.5,支付宝
10170,U0164,2025-03-18,济宁,118.54,微信
10171,U0178,2025-06-13,济宁,111.08,支付宝
10172,U0034,2025-05-10,威海,115.13,微信
10173,U0282,2025-06-05,德州,155.76,微信
10174,U0278,2025-02-20,济宁,178.76,微信
10175,U0149,2025-02-09,德州,175.22,微信
10176,U0154,2025-04-06,青岛,205.5,微信
10177,U0081,2025-02-11,淄博,160.72,支付宝
10178,U0090,2025-05-19,烟台,239.94,微信
10179,U0186,2025-05-16,潍坊,145.44,支付宝
10180,U0261,2025-01-01,青岛,309.61,支付宝
10181,U0115,2025-06-03,潍坊,194.41,支付宝
10182,U0063,2025-03-24,日照,112.86,支付宝
10183,U0103,2025-05-06,枣庄,101.1,支付宝
10184,U0072,2025-01-05,威海,186.54,支付宝
10185,U0122,2025-01-29,威海,147.71,微信
10186,U0253,2025-04-03,枣庄,199.27,支付宝
10187,U0014,2025-03-20,济南,186.03,微信
10188,U0185,2025-03-03,泰安,,微信
10189,U0284,2025-01-15,青岛,113.43,微信
10190,U0294,2025-03-03,潍坊,76.68,支付宝
10191,U0189,2025-05-26,泰安,135.44,支付宝
10192,U0240,2025-01-21,威海,207.1,微信
10193,U0283,2025-01-22,威海,171.78,支付宝
10194,U0067,2025-05-05,日照,91.48,微信
10195,U0314,2025-01-18,聊城,169.52,微信
10196,U0045,2025-05-17,潍坊,181.19,支付宝
10197,U0034,2025-02-02,济南,111.39,支付宝
10198,U0159,2025-02-02,潍坊,168.45,微信
10199,U0204,2025-06-18,烟台,163.2,微信
10200,U0246,2025-05-02,聊城,97.14,微信
10201,U0270,2025-05-21,临沂,179.68,支付宝
10202,U0211,2025-02-12,济南,190.84,支付宝
10203,U0210,2025-03-09,聊城,219.57,微信
10204,U0295,2025-05-16,枣庄,217.96,微信
10205,U0038,2025-06-05,青岛,84.23,微信
10206,U0065,2025-04-19,烟台,108.42,支付宝
10207,U0163,2025-02-24,济南,188.33,微信
10208,U0038,2025-05-19,烟台,188.26,微信
10209,U0231,2025-02-30,德州,188.33,支付宝
10210,U0239,2025-02-21,青岛,371.9,支付宝
10211,U0265,2025-03-21,青岛,191.4,支付宝
10212,U0177,2025-04-13,青岛,222.46,支付宝
10213,U0066,2025-06-21,枣庄,212.47,微信
10214,U0283,2025-06-16,聊城,195.83,微信
10215,U0301,2025-04-06,日照,142.66,微信
10216,U0094,2025-04-23,济宁,201.74,支付宝
10217,U0067,2025-05-13,临沂,117.49,支付宝
10218,U0222,2025-04-26,泰安,146.97,支付宝
10219,U0258,2025-01-31,青岛,133.31,微信
10220,U0029,2025-03-05,聊城,164.5,支付宝
10221,U0064,2025-02-27,枣庄,287.31,微信
10222,U0266,2025-01-17,德州,57.3,微信
10223,U0079,2025-03-28,烟台,197.74,微信
10224,U0156,2025-01-06,青岛,71.3,微信
10225,U0085,2025-05-31,聊城,134.04,支付宝
10226,U0083,2025-05-22,潍坊,219.89,支付宝
10227,U0166,2025-02-28,威海,163.54,微信
10228,U0116,2025-05-31,日照,100.72,微信
10229,U0178,2025-02-26,济宁,120.66,支付宝
10230,U0266,2025-01-02,临沂,197.38,微信
10231,U0146,2025-01-19,枣庄,119.83,支付宝
10232,U0041,2025-06-11,临沂,171.91,微信
10233,U0129,2025-01-16,潍坊,162.51,微信
10234,U0101,2025-02-28,聊城,124.16,微信
10235,U0283,2025-01-18,枣庄,277.92,支付宝
10236,U0141,2025-01-09,德州,194.87,微信
10237,U0065,2025-03-26,淄博,48.62,支付宝
10238,U0156,2025-01-19,烟台,170.25,微信
10239,U0315,2025-05-12,济南,123.6,微信
10240,U0274,2025-03-02,淄博,206.88,微信
10241,U0048,2025-03-13,德州,116.41,支付宝
10242,U0258,2025-06-21,泰安,153.69,微信
10243,U0087,2025-05-05,济宁,187.77,支付宝
10244,U0304,2025-02-24, 青岛 ,207.62,微信
10245,U0298,2025-05-19,聊城,93.98,微信
10246,U0079,2025-02-03,淄博,141.6,支付宝
10247,U0088,2025-05-27,潍坊,133.88,微信
10248,U0320,2025-05-28,泰安,124.07,微信
10249,U0310,2025-05-02,德州,257.1,微信
10250,U0173,2025-03-04,淄博,182.27,支付宝
10251,U0289,2025-05-02,威海,90.65,微信
10252,U0022,2025-04-15,济南,210.48,支付宝
10253,U0015,2025-02-18,泰安,276.72,支付宝
10254,U0042,2025-01-25,临沂,216.79,支付宝
10255,U0024,2025-01-25,临沂,76.43,微信
10256,U0296,2025-06-18,济南,133.37,微信
10257,U0136,2025-04-21,临沂,229.68,支付宝
10258,U0108,2025-04-01,济南,121.08,支付宝
10259,U0293,2025-04-19,枣庄,184.41,微信
10260,U0214,2025-04-16,济南,202.6,支付宝
10261,U0317,2025-04-30,烟台,109.02,微信
10262,U0016,2025-01-14,聊城,156.73,支付宝
10263,U0255,2025-06-22,临沂,18.27,支付宝
10264,U0280,2025-06-17,青岛,103.66,支付宝
10265,U0149,2025-06-15,烟台,146.11,支付宝
10266,U0155,2025-01-26, 枣庄 ,91.37,微信
10267,U0248,2025-01-16,淄博,249.78,微信
10268,U0126,2025-04-14,潍坊,81.34,支付宝
10269,U0208,2025-03-28,日照,135.8,支付宝
10270,U0153,2025-01-28,济宁,167.19,支付宝
10271,U0233,2025-03-05,日照,239.27,支付宝
10272,U0038,2025-02-19,济南,81.03,微信
10273,U0031,2025-02-18,临沂,223.97,微信
10274,U0081,2025-05-18,烟台,160.56,微信
10275,U0226,2025-04-25,枣庄,106.02,支付宝
10276,U0213,2025-02-05,威海,185.42,支付宝
10277,U0248,2025-04-19,枣庄,170.95,支付宝
10278,U0238,2025-02-16,泰安,126.99,支付宝
10279,U0105,2025-03-13,枣庄,163.84,支付宝
10280,U0175,2025-04-29,威海,138.81,微信
10281,U0311,2025-03-05,淄博,166.24,支付宝
10282,U0074,2025-01-20,烟台,196.42,微信
10283,U0161,2025-04-24,烟台,247.23,微信
10284,U0164,2025-05-21,泰安,91.92,支付宝
10285,U0177,2025-01-26,青岛,277.32,微信
10286,U0205,2025-01-13,聊城,52.64,支付宝
10287,U0067,2025-06-16,聊城,151.65,微信
10288,U0190,2025-05-19,济宁,192.36,支付宝
10289,U0264,2025-01-04,青岛,175.45,微信
10290,U0288,2025-01-24,济南,125.75,支付宝
10291,U0055,2025-03-02,潍坊,148.55,微信
10292,U0164,2025-02-12,济南,132.88,支付宝
10293,U0124,2025-04-15,泰安,127.58,支付宝
10294,U0239,2025-05-05,威海,206.73,支付宝
10295,U0063,2025-05-04,德州,179.64,支付宝
10296,U0137,2025-02-24,临沂,121.89,微信
10297,U0231,2025-04-13,临沂,209.48,微信
10298,U0127,2025-01-16,日照,176.9,微信
10299,U0073,2025-02-12,临沂,204.71,微信
10300,U0050,2025-04-08,日照,194.63,微信
10301,U0026,2025-01-01,临沂,114.41,微信
10302,U0149,2025-04-10,青岛,129.19,微信
10303,U0197,2025-03-09,日照,201.1,微信
10304,U0316,2025-04-27,潍坊,193.57,微信
10305,U0215,2025-03-15,淄博,158.85,支付宝
10306,U0128,2025-04-19,济南,166.45,微信
10307,U0082,2025-06-28,德州,230.27,微信
10308,U0168,2025-05-23,,127.46,微信
10309,U0296,2025-06-19,日照,190.09,支付宝
10310,U0161,2025-05-05,济南,148.88,支付宝
10311,U0098,2025-02-09,枣庄,148.03,支付宝
10312,U0082,2025-02-18,泰安,220.43,微信
10313,U0256,2025-03-17,日照,205.4,支付宝
10314,U0264,2025-02-25,泰安,204.74,微信
10315,U0240,2025-01-15,威海,231.8,微信
10316,U0256,2025-05-29,德州,161.16,微信
10317,U0158,2025-05-19,济南,197.51,微信
10318,U0255,2025-01-16,临沂,142.94,支付宝
10319,U0012,2025-03-22,青岛,177.83,微信
10320,U0047,2025-01-15,威海,152.84,支付宝
10321,U0202,2025-01-13,德州,165.33,微信
10322,U0259,2025-05-30,青岛,192.73,支付宝
10323,U0235,2025-05-03,聊城,115.0,支付宝
10324,U0124,2025-05-09,聊城,275.08,支付宝
10325,U0111,2025-05-16,日照,104.67,微信
10326,U0299,2025-02-10,青岛,93.22,支付宝
10327,U0181,2025-01-15, 潍坊 ,,微信
10328,U0025,2025-05-11,潍坊,,微信
10329,U0026,2025-01-21,烟台,194.33,支付宝
10330,U0145,2025-02-17,枣庄,194.56,微信
10331,U0254,2025-01-18,青岛,159.33,微信
10332,U0306,2025-06-02,临沂,110.65,微信
10333,U0241,2025-01-18,枣庄,164.17,微信
10334,U0147,2025-06-22,青岛,122.76,微信
10335,U0275,2025-03-02,日照,213.63,支付宝
10336,U0005,2025-04-14,淄博,151.91,微信
10337,U0056,2025-01-31,威海,114.6,微信
10338,U0221,2025-05-26,潍坊,142.32,微信
10339,U0069,2025-03-05,威海,,微信
10340,U0136,2025-05-29,济宁,129.0,支付宝
10341,U0188,2025-06-02,济南,114.78,微信
10342,U0207,2025-01-11,淄博,173.4,支付宝
10343,U0188,2025-06-08,日照,173.47,支付宝
10344,U0024,2025-01-21,烟台,132.12,支付宝
10345,U0206,2025-04-18,淄博,134.09,微信
10346,U0027,2025-06-18,日照,172.76,微信
10347,U0292,2025-05-30,威海,80.36,微信
10348,U0288,2025-05-25,威海,82.59,支付宝
10349,U0100,2025-05-14,青岛,120.49,支付宝
10350,U0186,2025-03-22,青岛,148.26,微信
10351,U0284,2025-03-08,日照,177.1,支付宝
10352,U0148,2025-02-22,济宁,241.14,支付宝
10353,U0038,2025-06-21,枣庄,207.17,支付宝
10354,U0198,2025-03-22,济宁,151.2,支付宝
10355,U0259,2025-03-03,烟台,158.95,支付宝
10356,U0231,2025-03-09,青岛,104.86,支付宝
10357,U0282,2025-04-12,日照,158.98,支付宝
10358,U0144,2025-02-03,烟台,144.12,支付宝
10359,U0320,2025-06-21,青岛,177.75,微信
10360,U0313,2025-06-15,青岛,,微信
10361,U0061,2025-03-18,日照,188.56,支付宝
10362,U0066,2025-04-28,聊城,244.3,支付宝
10363,U0050,2025-03-22,日照,154.02,支付宝
10364,U0202,2025-01-19,青岛,9999.99,支付宝
10365,U0192,2025-01-03,临沂,197.96,支付宝
10366,U0174,2025-04-28,泰安,137.93,支付宝
10367,U0286,2025-06-09,淄博,172.33,微信
10368,U0188,2025-05-25,德州,160.69,微信
10369,U0074,2025-01-26,临沂,,支付宝
10370,U0102,2025-01-19,济南,117.48,微信
10371,U0309,2025-05-18,德州,161.35,微信
10372,U0261,2025-02-24,德州,187.39,支付宝
10373,U0206,2025-05-10,德州,239.81,微信
10374,U0257,2025-03-09, 威海 ,212.76,支付宝
10375,U0021,2025-06-31,潍坊,278.43,微信
10376,U0024,2025-03-31,日照,117.8,微信
10377,U0020,2025-01-18,烟台,207.98,支付宝
10378,U0071,2025-03-04,日照,170.08,微信
10379,U0171,,泰安,280.44,支付宝
10380,U0243,2025-03-14,聊城,115.54,微信
10381,U0266,2025-02-10,济南,113.82,微信
10382,U0234,2025-04-23,日照,127.03,微信
10383,U0077,2025-05-20,枣庄,43.19,支付宝
10384,U0311,2025-06-30,青岛,131.08,支付宝
10385,U0264,2025-03-19,青岛,118.25,微信
10386,U0072,2025-06-06,潍坊,168.27,微信
10387,U0168,2025-06-17,潍坊,178.8,支付宝
10388,U0314,2025-05-16,潍坊,263.19,支付宝
10389,U0164,2025-01-03,聊城,212.27,微信
10390,U0084,2025-06-20,济南,128.27,微信
10391,U0202,2025-05-22,威海,110.59,支付宝
10392,U0316,2025-03-18,聊城,187.06,支付宝
10393,U0154,2025-06-19,威海,87.39,微信
10394,U0304,2025-01-27,临沂,260.73,支付宝
10395,U0173,2025-02-04,烟台,224.87,微信
10396,U0260,2025-03-09,聊城,134.2,微信
10397,U0261,2025-01-30,聊城,65.78,支付宝
10398,U0273,2025-01-28,临沂,234.46,支付宝
10399,U0251,2025-05-22,日照,153.7,微信
10400,U0289,2025-02-09,淄博,228.08,支付宝
10401,U0154,2025-03-11,日照,72.31,微信
10402,U0244,2025-03-14,德州,127.03,支付宝
10403,U0009,2025-06-04,枣庄,160.29,微信
10404,U0189,2025-02-23,日照,162.58,支付宝
10405,U0170,2025-03-29,烟台,135.25,微信
10406,U0057,2025-02-22,淄博,194.26,微信
10407,U0214,2025-06-25,青岛,101.28,支付宝
10408,U0299,2025-06-12,泰安,152.17,支付宝
10409,U0158,2025-03-09,,166.62,支付宝
10410,U0014,2025-05-10,淄博,188.29,支付宝
10411,U0306,2025-05-06,泰安,199.14,微信
10412,U0243,2025-03-06,青岛,98.14,微信
10413,U0136,2025-01-14,济宁,75.62,微信
10414,U0297,2025-01-24,枣庄,230.27,支付宝
10415,U0296,2025-06-12,泰安,178.28,微信
10416,U0117,2025-04-19,聊城,118.83,支付宝
10417,U0027,2025-03-12,青岛,245.31,微信
10418,U0299,2025-01-12,聊城,166.36,支付宝
10419,U0246,2025-01-01,德州,224.86,微信
10420,U0088,2025-03-27,淄博,163.71,支付宝
10421,U0269,2025-02-03,德州,273.34,微信
10422,U0318,2025-06-13,泰安,256.54,微信
10423,U0195,2025-03-09,日照,146.31,微信
10424,U0076,2025-02-11,烟台,213.44,支付宝
10425,U0125,2025-04-24,日照,195.5,支付宝
10426,U0017,2025-05-22,济宁,235.27,微信
10427,U0294,2025-06-30,临沂,106.93,微信
10428,U0057,2025-04-20,烟台,197.73,支付宝
10429,U0098,2025-05-24,临沂,218.21,支付宝
10430,U0010,2025-01-03,聊城,-63.27,支付宝
10431,U0226,2025-01-29,青岛,94.92,微信
10432,U0161,2025-01-20,潍坊,47.84,微信
10433,U0215,2025-06-26,德州,145.18,支付宝
10434,U0078,2025-02-08,烟台,199.46,微信
10435,U0212,2025-05-20,烟台,242.63,支付宝
10436,U0105,2025-01-10,青岛,164.08,微信
10437,U0211,2025-04-05,威海,249.57,支付宝
10438,U0257,2025-05-30,青岛,84.09,支付宝
10439,U0314,2025-05-22,枣庄,66.31,微信
10440,U0242,2025-02-07,济宁,156.94,支付宝
10441,U0032,2025-04-21,枣庄,181.12,支付宝
10442,U0071,2025-02-02,济南,158.2,微信
10443,U0266,2025-01-11,日照,46.29,微信
10444,U0107,2025-03-20,威海,155.1,支付宝
10445,U0288,2025-04-04,威海,88.25,微信
10446,U0167,2025-01-11,威海,196.83,支付宝
10447,U0245,2025-04-02,济宁,180.16,支付宝
10448,U0270,2025-02-23,枣庄,108.31,微信
10449,U0193,2025-06-24,临沂,131.74,微信
10450,U0161,2025-03-05,淄博,101.74,微信
10451,U0089,2025-06-20,济宁,156.55,微信
10452,U0236,2025-01-27,日照,212.53,支付宝
10453,U0273,2025-04-01,潍坊,105.79,支付宝
10454,U0176,2025-05-24,淄博,187.72,支付宝
10455,U0280,2025-04-15,青岛,130.84,微信
10456,U0182,2025-06-08,潍坊,116.39,微信
10457,U0136,2025-02-09,济南,154.11,支付宝
10458,U0313,2025-03-02,泰安,103.06,支付宝
10459,U0248,2025-02-11,泰安,129.55,支付宝
10460,U0099,2025-02-15,临沂,94.12,支付宝
10461,U0127,2025-04-16,烟台,268.06,微信
10462,U0143,2025-01-07,潍坊,161.94,支付宝
10463,U0286,2025-02-15,威海,121.52,支付宝
10464,U0153,2025-03-27,枣庄,171.77,微信
10465,U0116,2025-04-16,泰安,153.82,支付宝
10466,U0153,2025-06-21,烟台,147.85,微信
10467,U0148,2025-03-05,聊城,193.78,支付宝
10468,U0107,2025-03-10,泰安,201.66,支付宝
10469,U0251,2025-02-10,德州,130.82,微信
10470,U0163,2025-06-29,济宁,128.33,支付宝
10471,U0246,2025-01-28,枣庄,144.87,微信
10472,U0179,2025-04-08,烟台,33.39,微信
10473,U0287,2025-01-10,日照,76.66,微信
10474,U0141,2025-05-01,泰安,235.18,支付宝
10475,U0148,2025-02-26,烟台,250.47,微信
10476,U0063,2025-02-21, 日照 ,146.3,微信
10477,U0294,2025-04-28,济南,191.71,微信
10478,U0279,2025-03-31,济南,177.12,微信
10479,U0195,2025-03-20,枣庄,329.34,微信
10480,U0203,2025-02-28,青岛,221.58,微信
10481,U0177,2025-02-27,临沂,152.96,微信支付
10482,U0075,2025-01-07,德州,107.45,微信
10483,U0149,2025-06-18,德州,71.65,支付宝
10484,U0022,2025-02-19,泰安,171.19,微信
10485,U0148,2025-04-13,威海,118.4,支付宝
10486,U0041,2025-03-26,德州,81.78,支付宝
10487,U0178,2025-03-13,泰安,124.44,支付宝
10488,U0227,2025-01-18,枣庄,100.51,微信
10489,U0132,2025-03-13,德州,252.79,支付宝
10490,U0246,2025-03-31,德州,208.49,微信
10491,U0110,2025-06-14,德州,159.56,微信
10492,U0104,2025-05-11,济宁,241.4,微信
10493,U0276,2025-04-13,泰安,164.26,支付宝
10494,U0139,2025-06-23,威海,112.63,支付宝
10495,U0288,2025-05-18,潍坊,243.77,微信
10496,U0140,2025-03-26,日照,189.64,微信
10497,U0071,2025-01-08,潍坊,102.95,支付宝
10498,U0056,2025-01-30,潍坊,149.53,微信
10499,U0316,2025-03-08,潍坊,111.84,支付宝
10500,U0301,2025-02-15,枣庄,83.95,微信
10501,U0123,2025-05-29,潍坊,,微信
10502,U0125,2025-03-09,济南,265.02,支付宝
10503,U0026,2025-01-10,济南,83.08,微信
10504,U0272,2025-01-28,淄博,190.96,支付宝
10505,U0116,2025-06-02,临沂,124.21,微信
10506,U0120,2025-04-22,聊城,133.21,支付宝
10507,U0027,2025-03-30,烟台,127.42,微信
10508,U0052,2025-03-22,济南,112.48,微信
10509,U0212,2025-04-22,烟台,162.67,支付宝
10510,U0170,2025-06-05,德州,114.3,支付宝
10511,U0242,2025-05-11,淄博,174.88,支付宝
10512,U0052,2025-01-30,临沂,157.24,微信
10513,U0071,2025-04-09,济南,146.86,微信
10514,U0003,2025-05-28,日照,110.08,支付宝
10515,U0282,2025-02-18,济南,128.28,支付宝
10516,U0081,2025-03-07,日照,201.55,微信
10517,U0209,2025-01-12,聊城,187.55,支付宝
10518,U0244,2025-04-22,临沂,106.23,微信
10519,U0245,2025-01-01,临沂,165.46,支付宝
10520,U0103,2025-05-14,聊城,201.33,支付宝
10521,U0148,2025-05-18,烟台,68.18,微信
10522,U0165,2025-06-25,青岛,189.88,微信
10523,U0147,2025-06-21,泰安,123.56,微信
10524,U0031,2025-02-20,济宁,191.38,支付宝
10525,U0046,2025-04-04,潍坊,,微信
10526,U0294,2025-04-21,淄博,60.73,微信
10527,U0119,2025-01-18,威海,70.49,微信
10528,U0274,2025-06-20,青岛,162.64,支付宝
10529,U0020,2025-03-26,泰安,174.28,支付宝
10530,U0090,2025-06-09,济宁,110.26,支付宝
10531,U0214,2025-03-22,济南,195.12,支付宝
10532,U0091,2025-06-19,青岛,68.62,微信
10533,U0019,2025-02-01,青岛,156.37,微信
10534,U0204,2025-03-18,枣庄,93.39,支付宝
10535,U0254,2025-05-10,聊城,124.15,支付宝
10536,U0096,2025-03-21,淄博,162.61,支付宝
10537,U0149,2025-06-20,威海,112.68,支付宝
10538,U0020,2025-04-15,淄博,138.85,微信
10539,U0005,2025-03-25,烟台,215.35,支付宝
10540,U0153,2025-04-14,潍坊,128.27,微信
10541,U0291,2025-06-28,日照,205.96,支付宝
10542,U0309,2025-03-17,泰安,97.87,支付宝
10543,U0055,2025-05-22,烟台,189.14,zhifubao
10544,U0172,2025-02-02,枣庄,239.29,支付宝
10545,U0146,2025-02-19,烟台,24.06,微信
10546,U0233,2025-04-18,德州,116.17,微信
10547,U0279,2025-06-20,临沂,191.74,支付宝
10548,U0269,2025-04-08,泰安,,支付宝
10549,U0253,2025-06-23,德州,180.41,微信
10550,U0069,2025-02-14,潍坊,126.78,微信
10551,U0259,2025-06-07,济南,164.76,支付宝
10552,U0240,2025-05-26,临沂,151.44,微信
10553,U0140,2025-03-19,,224.23,支付宝
10554,U0099,2025-04-14,聊城,173.99,微信
10555,U0058,2025-05-21,泰安,178.57,微信
10556,U0170,2025-01-01,临沂,137.35,支付宝
10557,U0084,2025-03-19,聊城,133.18,支付宝
10558,U0235,2025-03-15,济南,136.21,支付宝
10559,U0132,2025-02-23,威海,181.69,支付宝
10560,U0096,2025-04-21,淄博,136.85,微信
10561,U0008,2025-05-29,泰安,175.94,微信
10562,U0173,2025-06-05,济宁,274.15,微信
10563,U0152,2025-06-17,烟台,207.91,微信
10564,U0291,2025-03-24,聊城,142.07,微信
10565,U0099,2025-04-30,日照,226.07,支付宝
10566,U0090,2025-04-24,德州,137.56,微信
10567,U0313,2025-04-24,济南,47.9,支付宝
10568,U0208,2025-06-22,潍坊,104.56,微信
10569,U0219,2025-02-24,日照,57.11,微信
10570,U0264,2025-05-11,青岛,140.67,支付宝
10571,U0168,2025-05-02,德州,161.01,微信
10572,U0045,2025-02-13,淄博,252.2,微信
10573,U0206,2025-06-18,威海,177.98,微信
10574,U0049,,济南,147.95,支付宝
10575,U0095,2025-03-14,威海,205.62,微信
10576,U0072,2025-05-12,济南,38.39,微信
10577,U0245,2025-06-19,日照,172.96,支付宝
10578,U0166,2025-06-12,济宁,202.4,支付宝
10579,U0128,2025-06-08,日照,78.68,支付宝
10580,U0004,2025-03-27,济南,222.91,支付宝
10581,U0134,2025-01-24,济南,178.62,支付宝
10582,U0197,2025-03-02,,137.16,支付宝
10583,U0121,2025-06-22,济宁,194.8,微信
10584,U0229,2025-03-21,潍坊,284.89,微信
10585,U0137,2025-02-27,枣庄,170.0,微信
10586,U0169,2025-02-20,潍坊,173.65,微信
10587,U0155,2025-02-07,济宁,134.74,微信
10588,U0299,2025-01-07,淄博,113.26,微信
10589,U0294,2025-01-12,青岛,205.67,支付宝
10590,U0006,2025-03-04, 枣庄 ,112.92,微信
10591,U0134,2025-05-02,聊城,,微信
10592,U0185,2025-06-06,泰安,133.73,微信
10593,U0121,2025-01-19,临沂,186.34,微信
10594,U0032,2025-04-27,聊城,178.35,支付宝
10595,U0061,2025-04-17,日照,217.06,微信
10596,U0239,2025-06-11,日照,131.95,支付宝
10597,U0158,2025-05-28,济南,145.16,微信
10598,U0082,2025-02-19,青岛,106.17,支付宝
10599,U0208,2025-06-28,潍坊,135.56,支付宝
10600,U0258,2025-04-09,日照,180.75,微信
10601,U0160,2025-05-07,济宁,201.63,支付宝
10602,U0061,2025-04-13,日照,109.28,支付宝
10603,U0152,2025-03-04,淄博,207.83,支付宝
10604,U0189,2025-02-07,青岛,234.56,微信
10605,U0315,2025-06-17,威海,182.74,微信
10606,U0114,2025-06-26,威海,263.22,微信
10607,U0113,2025-01-02,聊城,117.44,微信
10608,U0069,2025-01-28,泰安,91.54,微信
10609,U0245,2025-04-19,潍坊,62.17,支付宝
10610,U0079,2025-02-26,济宁,242.28,微信
10611,U0233,2025-02-15,淄博,195.99,支付宝
10612,U0311,2025-06-28,聊城,156.94,支付宝
10613,U0192,2025-05-13,威海,175.4,微信
10614,U0213,2025-04-29,济宁,98.1,微信
10615,U0282,2025-01-13,青岛,294.52,微信
10616,U0242,2025-05-23,济宁,167.11,微信
10617,U0276,2025-03-05,德州,166.02,微信
10618,U0112,2025-02-01,济宁,199.92,支付宝
10619,U0127,2025-04-27,枣庄,186.46,支付宝
10620,U0306,2025-02-04,临沂,172.31,支付宝
10621,U0042,2025-04-29,威海,116.52,支付宝
10622,U0270,2025-06-20,临沂,185.93,微信
10623,U0229,2025-05-16,德州,263.51,支付宝
10624,U0271,2025-05-24,青岛,234.0,支付宝
10625,U0186,2025-06-02,淄博,247.63,微信
10626,U0040,2025-03-23,临沂,131.88,支付宝
10627,U0289,2025-04-24,烟台,105.57,支付宝
10628,U0058,2025-06-06,聊城,153.08,支付宝
10629,U0032,2025-05-10,潍坊,163.06,微信
10630,U0281,2025-04-20,青岛,220.18,微信
10631,U0259,2025-05-21,泰安,66.91,支付宝
10632,U0104,2025-04-25,济南,244.13,支付宝
10633,U0294,2025-02-10,淄博,151.31,微信
10634,U0275,2025-05-02,枣庄,136.52,微信
10635,U0077,2025-04-26,临沂,104.33,支付宝
10636,U0085,2025-03-08,聊城,68.98,微信
10637,U0168,2025-03-05,枣庄,205.27,支付宝
10638,U0267,2025-06-13,烟台,164.03,微信
10639,U0227,2025-03-12,临沂,89.05,微信
10640,U0060,2025-05-14,济南,88.77,支付宝
10641,U0106,2025-05-05,济南,141.53,支付宝
10642,U0299,2025-06-10,日照,251.8,支付宝
10643,U0251,2025-03-03,济宁,145.72,支付宝
10644,U0047,2025-03-12,济宁,77.33,支付宝
10645,U0262,2025-04-23,威海,146.48,支付宝
10646,U0229,2025-01-20,日照,145.0,微信
10647,U0029,2025-03-15, 枣庄 ,11.67,支付宝
10648,U0233,2025-03-02,泰安,157.01,支付宝
10649,U0068,2025-03-11,济宁,147.3,微信
10650,U0263,2025-03-27,德州,198.29,微信
10651,U0213,2025-03-23,淄博,261.69,支付宝
10652,U0234,2025-05-19,济宁,221.96,支付宝
10653,U0289,2025-01-21,聊城,145.21,微信
10654,U0030,2025-02-05,聊城,99.14,微信
10655,U0287,2025-02-08,济宁,301.53,微信
10656,U0237,2025-03-01,青岛,163.26,微信
10657,U0158,2025-04-09,日照,160.77,支付宝
10658,U0012,2025-06-27,临沂,158.67,支付宝
10659,U0203,2025-02-09,枣庄,170.89,支付宝
10660,U0131,2025-06-30,青岛,152.06,支付宝
10661,U0002,2025-02-24,青岛,128.45,微信
10662,U0112,2025-01-17,枣庄,129.92,微信
10663,U0297,2025-04-17,济南,158.2,支付宝
10664,U0038,2025-04-15,济宁,130.11,微信
10665,U0024,2025-03-26,泰安,120.79,支付宝
10666,U0217,2025-05-19,济南,165.85,微信
10667,U0177,2025-04-30,青岛,145.98,支付宝
10668,U0033,2025-04-17,烟台,242.72,支付宝
10669,U0278,2025-01-16,德州,14.2,微信
10670,U0031,2025-02-22,日照,220.03,微信
10671,U0036,2025-04-18,烟台,228.53,微信
10672,U0242,2025-04-10,潍坊,45.96,微信
10673,U0017,2025-05-30,聊城,141.15,支付宝
10674,U0147,2025-06-28,济宁,139.57,支付宝
10675,U0210,2025-01-06,济宁,82.59,微信
10676,U0093,2025-05-28,德州,117.22,支付宝
10677,U0070,2025-04-08,济南,98.92,微信
10678,U0216,2025-05-03,济南,256.37,支付宝
10679,U0192,2025-01-02,泰安,211.46,支付宝
10680,U0196,2025-04-01,日照,229.94,微信
10681,U0230,2025-03-18,日照,199.69,微信
10682,U0194,2025-04-10,泰安,97.9,支付宝
10683,U0193,2025-04-18,烟台,131.15,微信
10684,U0042,2025-05-18,烟台,186.92,微信
10685,U0277,2025-05-20,枣庄,92.78,微信
10686,U0069,2025-06-04,威海,32000.0,微信
10687,U0179,2025-02-26,青岛,146.78,微信
10688,U0061,2025-05-05,聊城,139.38,支付宝
10689,U0092,2025-02-26,济宁,199.1,支付宝
10690,U0276,2025-03-11,烟台,184.43,支付宝
10691,U0202,2025-04-22,烟台,140.15,支付宝
10692,U0271,2025-05-05,泰安,223.76,支付宝
10693,U0066,2025-01-08,济宁,100.54,微信
10694,U0115,2025-04-10,潍坊,193.88,微信
10695,U0002,2025-03-28,潍坊,192.62,微信
10696,U0012,2025-06-21,枣庄,142.97,微信
10697,U0153,2025-06-23,青岛,177.94,微信
10698,U0238,2025-04-14,潍坊,91.19,支付宝
10699,U0279,2025-02-12,聊城,210.82,微信
10700,U0218,2025-04-30,枣庄,149.83,支付宝
10701,U0273,2025-02-02,德州,131.25,支付宝
10702,U0195,2025-06-09,潍坊,217.7,支付宝
10703,U0118,2025-05-17,日照,121.26,微信
10704,U0127,2025-01-07,德州,82.53,支付宝
10705,U0236,2025-04-11,泰安,74.39,微信
10706,U0178,2025-06-01,济宁,193.33,微信
10707,U0080,2025-05-25,泰安,89.58,支付宝
10708,U0142,2025-06-19,聊城,256.51,支付宝
10709,U0097,2025-01-07,聊城,45.49,支付宝
10710,U0058,2025-01-22,济南,253.31,支付宝
10711,U0017,2025-06-14,泰安,171.61,微信
10712,U0215,2025-04-20,济宁,154.68,微信
10713,U0315,2025-02-04,潍坊,130.03,微信
10714,U0009,2025-04-29,威海,181.95,支付宝
10715,U0124,2025-02-16,枣庄,157.93,微信
10716,U0106,2025-01-13,德州,220.68,微信
10717,U0035,2025-03-08,威海,166.28,微信
10718,U0052,2025-04-08,日照,168.27,微信
10719,U0305,2025-03-25,枣庄,140.0,微信
10720,U0018,2025-02-24,泰安,156.87,支付宝
10721,U0229,2025-04-27,威海,176.93,微信
10722,U0307,2025-03-25,潍坊,65.94,微信
10723,U0025,2025-03-28,德州,85.85,微信
10724,U0126,2025-04-08,烟台,200.88,支付宝
10725,U0023,2025-03-13,威海,169.4,支付宝
10726,U0206,2025-04-18,济南,149.88,微信
10727,U0225,2025-03-06,日照,161.01,微信
10728,U0120,2025-01-21,聊城,179.12,微信
10729,U0277,2025-05-01,泰安,130.31,支付宝
10730,U0112,2025-01-05,枣庄,117.19,微信
10731,U0029,2025-05-19,枣庄,170.77,微信
10732,U0072,2025-01-14,济宁,106.19,支付宝
10733,U0258,2025-03-31,潍坊,182.45,微信
10734,U0149,2025-14-12,枣庄,66.36,支付宝
10735,U0120,2025-06-16,济南,216.6,支付宝
10736,U0295,2025-01-18,济宁,185.99,微信
10737,U0164,2025-06-16,青岛,174.08,微信
10738,U0296,2025-01-11,日照,214.05,支付宝
10739,U0307,2025-01-08,烟台,251.6,支付宝
10740,U0165,2025-03-05,济南,215.79,支付宝
10741,U0122,2025-02-21,聊城,58.75,支付宝
10742,U0155,2025-01-06,日照,89.62,微信
10743,U0074,2025-06-09,淄博,125.63,支付宝
10744,U0267,2025-02-09,德州,161.44,微信
10745,U0114,2025-03-03,聊城,188.47,支付宝
10746,U0212,2025-02-02,威海,120.08,支付宝
10747,U0154,2025-05-02,聊城,170.27,微信
10748,U0141,2025-06-21,威海,,微信
10749,U0032,2025-01-30,临沂,126.37,支付宝
10750,U0286,2025-05-25,日照,82.63,支付宝
10751,U0303,2025-02-25,烟台,109.22,支付宝
10752,U0090,2025-04-30,淄博,85.66,微信
10753,U0219,2025-06-29,淄博,106.33,微信
10754,U0285,2025-03-07,聊城,217.95,微信
10755,U0254,2025-04-05,聊城,107.78,微信
10756,U0025,,威海,304.78,微信
10757,U0177,2025-06-05,济宁,187.13,支付宝
10758,U0196,2025-06-05,潍坊,170.17,支付宝
10759,U0269,2025-01-30,日照,112.79,支付宝
10760,U0164,2025-02-11,聊城,198.52,支付宝
10761,U0214,2025-03-21,临沂,128.34,支付宝
10762,U0210,2025-01-28,枣庄,166.71,支付宝
10763,U0077,2025-05-29,烟台,300.8,微信
10764,U0154,2025-01-07,日照,154.72,支付宝
10765,U0193,2025-03-21,日照,223.21,支付宝
10766,U0095,2025-05-28,日照,121.33,支付宝
10767,U0276,2025-06-23,潍坊,158.08,微信
10768,U0243,2025-04-07,泰安,257.39,微信
10769,U0124,2025-04-12,淄博,125.52,支付宝
10770,U0116,2025-02-20,威海,259.68,微信
10771,U0154,2025-01-20,济南,198.93,微信
10772,U0074,2025-06-01,济南,129.06,微信
10773,U0238,2025-06-26,日照,194.78,微信
10774,U0030,2025-06-10,泰安,213.49,支付宝
10775,U0288,2025-03-04,淄博,194.2,微信
10776,U0212,2025-01-27,枣庄,73.64,微信
10777,U0214,2025-06-28,枣庄,120.01,支付宝
10778,U0286,2025-03-19,泰安,146.39,支付宝
10779,U0272,2025-06-25,济宁,155.91,微信
10780,U0069,2025-06-03,德州,194.14,支付宝
10781,U0199,2025-01-31,枣庄,169.77,支付宝
10782,U0125,2025-05-25,烟台,86.56,微信
10783,U0131,2025-01-11,临沂,180.91,微信
10784,U0105,2025-03-30, 烟台 ,193.58,微信
10785,U0170,2025-05-17,青岛,190.79,支付宝
10786,U0041,2025-04-20,济南,219.44,支付宝
10787,U0231,2025-06-19,淄博,205.87,微信
10788,U0190,2025-04-05,临沂,185.25,支付宝
10789,U0048,2025-01-18,淄博,156.14,支付宝
10790,U0275,2025-05-10,日照,68.65,支付宝
10791,U0098,2025-06-15,潍坊,183.63,微信
10792,U0027,2025-03-29,潍坊,171.42,微信
10793,U0138,2025-01-04,临沂,,支付宝
10794,U0194,2025-04-18,济宁,89.78,支付宝
10795,U0310,2025-05-06,枣庄,100.54,支付宝
10796,U0309,2025-01-28,枣庄,217.92,微信
10797,U0021,2025-04-21,德州,157.82,微信
10798,U0038,2025-04-03,威海,197.48,微信
10799,U0097,2025-06-12,枣庄,161.56,支付宝
10800,U0301,2025-04-28,济宁,161.64,支付宝
10801,U0287,2025-02-09,枣庄,211.61,支付宝
10802,U0112,2025-04-22,枣庄,131.62,支付宝
10803,U0246,2025-02-15,烟台,165.29,微信
10804,U0107,2025-05-14,济宁,134.57,微信
10805,U0171,2025-06-16,枣庄,136.1,支付宝
10806,U0156,2025-03-11,聊城,143.0,微信
10807,U0008,2025-06-07,日照,172.22,支付宝
10808,U0109,2025-05-18,济南,133.67,支付宝
10809,U0098,2025-05-04,济宁,-229.07,支付宝
10810,U0061,2025-04-30,潍坊,110.8,支付宝
10811,U0246,2025-04-22,潍坊,149.72,微信
10812,U0125,2025-06-01,济南,135.81,支付宝
10813,U0310,2025-03-10,淄博,239.58,支付宝
10814,U0105,2025-03-24,淄博,170.81,微信
10815,U0204,2025-03-04,济南,216.75,微信
10816,U0123,2025-01-23,济宁,,支付宝
10817,U0283,2025-03-13,德州,174.69,支付宝
10818,U0165,2025-04-26,威海,208.93,微信
10819,U0145,2025-03-04,威海,164.53,微信
10820,U0195,2025-04-29,日照,218.6,支付宝
10821,U0239,2025-05-26,青岛,131.55,微信
10822,U0274,2025-06-06,淄博,237.51,支付宝
10823,U0184,2025-06-21,淄博,286.44,支付宝
10824,U0158,2025-04-08,临沂,140.04,微信
10825,U0134,2025-03-28,日照,135.5,支付宝
10826,U0185,2025-01-08,日照,239.94,微信
10827,U0263,2025-05-07,枣庄,246.88,微信
10828,U0255,2025-03-25,烟台,131.24,支付宝
10829,U0239,2025-02-16,烟台,136.89,支付宝
10830,U0051,2025-05-05,济南,144.5,微信
10831,U0241,2025-02-24,临沂,86.06,支付宝
10832,U0164,2025-04-01,枣庄,109.47,支付宝
10833,U0105,2025-03-08,烟台,104.77,微信
10834,U0190,2025-03-29,淄博,117.77,支付宝
10835,U0161,2025-03-13,德州,158.09,微信
10836,U0212,2025-06-02,威海,172.88,支付宝
10837,U0024,2025-06-29,威海,245.28,支付宝
10838,U0289,2025-03-12,枣庄,105.09,支付宝
10839,U0114,2025-05-23,聊城,214.14,微信
10840,U0075,2025-01-03,日照,148.23,支付宝
10841,U0009,2025-05-13, 烟台 ,157.28,微信
10842,U0134,2025-02-18,聊城,197.12,微 信
10843,U0284,2025-01-22,枣庄,98.25,支付宝
10844,U0300,2025-03-03,济宁,181.03,微信
10845,U0297,2025-04-15,济宁,169.15,微信
10846,U0214,2025-05-06,德州,187.08,微信
10847,U0152,2025-05-23,日照,175.9,支付宝
10848,U0079,,临沂,295.04,微信
10849,U0101,2025-06-26,济南,124.92,支付宝
10850,U0169,2025-05-02,烟台,130.8,微信
10851,U0118,2025-06-15,烟台,125.73,微信
10852,U0195,2025-05-06,日照,129.45,支付宝
10853,U0292,2025-04-25,德州,124.94,支付宝
10854,U0126,2025-01-05,青岛,225.4,支付宝
10855,U0256,2025-01-24,淄博,238.13,支付宝
10856,U0282,2025-03-17,淄博,128.61,微信
10857,U0173,2025-02-26,烟台,114.22,微信
10858,U0132,2025-04-14,聊城,185.93,微信
10859,U0251,2025-06-27,济宁,129.63,微信
10860,U0252,2025-03-04,济南,194.81,微信
10861,U0236,2025-03-20,泰安,171.16,支付宝
10862,U0087,2025-06-19,枣庄,76.63,支付宝
10863,U0181,2025-05-29,泰安,245.11,微信
10864,U0087,2025-04-05,聊城,258.77,微信
10865,U0072,2025-05-02,聊城,126.3,支付宝
10866,U0280,2025-05-22,聊城,138.68,微信
10867,U0251,2025-05-16,潍坊,175.72,微信
10868,U0095,2025-03-30,济宁,,支付宝
10869,U0278,2025-04-19,青岛,196.22,支付宝
10870,U0031,2025-05-21,威海,270.56,微信
10871,U0269,2025-03-26,临沂,150.27,微信
10872,U0018,2025-04-01,临沂,116.09,支付宝
10873,U0039,2025-06-29, 济宁 ,84.14,微信
10874,U0025,2025-04-27,潍坊,119.8,支付宝
10875,U0004,2025-03-11,临沂,-158.18,微信
10876,U0212,2025-03-20,枣庄,258.7,支付宝
10877,U0071,2025-03-06,德州,131.53,微信
10878,U0119,2025-03-01,临沂,,微信
10879,U0035,2025-01-31,聊城,159.1,支付宝
10880,U0078,2025-02-19,烟台,225.36,支付宝
10881,U0005,2025-03-22,济宁,298.98,支付宝
10882,U0112,2025-01-31,德州,130.8,支付宝
10883,U0259,2025-05-18,潍坊,133.08,微信
10884,U0234,2025-06-26,济南,217.43,支付宝
10885,U0192,2025-02-17,日照,197.5,微信
10886,U0031,2025-02-19,日照,261.57,微信
10887,U0317,2025-02-25,威海,192.12,支付宝
10888,U0316,2025-05-04,济宁,140.24,微信
10889,U0248,2025-03-12,德州,192.49,微信
10890,U0250,2025-05-31,枣庄,220.98,微信
10891,U0009,2025-05-15,枣庄,205.13,微信
10892,U0004,2025-06-02,日照,187.9,支付宝
10893,U0273,2025-03-14,威海,218.67,支付宝
10894,U0283,2025-01-26,淄博,224.31,支付宝
10895,U0211,2025-02-19,泰安,236.02,微信
10896,U0007,2025-03-17,枣庄,195.68,支付宝
10897,U0009,2025-02-28,济南,150.81,微信
10898,U0272,2025-04-03,淄博,168.07,微信
10899,U0141,2025-02-15,聊城,226.36,微信
10900,U0275,2025-03-19,济南,115.07,支付宝
10901,U0147,2025-01-04,淄博,180.28,支付宝
10902,U0009,2025-05-17,潍坊,138.37,支付宝
10903,U0258,2025-02-02,威海,161.58,微信
10904,U0221,2025-03-12,枣庄,230.31,微信
10905,U0092,2025-01-12,淄博,170.51,微信
10906,U0055,2025-01-14,德州,162.55,支付宝
10907,U0050,2025-05-22,泰安,85.21,微信
10908,U0269,2025-03-16,聊城,201.04,微信
10909,U0077,2025-06-28,威海,195.5,支付宝
10910,U0124,2025-02-02,泰安,278.98,微信
10911,U0099,2025-06-13,聊城,143.07,微信
10912,U0318,2025-05-06,泰安,172.05,支付宝
10913,U0270,2025-01-27,济宁,173.72,支付宝
10914,U0130,2025-01-04,潍坊,246.76,微信
10915,U0182,2025-05-27,日照,154.76,支付宝
10916,U0137,2025-03-14,威海,175.35,支付宝
10917,U0204,2025-05-01,威海,193.43,支付宝
10918,U0041,2025-05-03,烟台,170.26,支付宝
10919,U0192,2025-04-23,淄博,135.45,微信
10920,U0208,2025-03-29,潍坊,170.67,微信
10921,U0236,2025-02-17,潍坊,219.05,支付宝
10922,U0290,2025-01-14,威海,103.54,微信
10923,U0125,2025-03-06, 聊城 ,167.31,微信
10924,U0116,2025-05-03,德州,121.49,支付宝
10925,U0154,2025-01-30,临沂,225.73,微信
10926,U0042,2025-01-17,青岛,76.22,支付宝
10927,U0017,2025-04-13,潍坊,129.26,支付宝
10928,U0048,2025-05-06,烟台,180.75,支付宝
10929,U0208,2025-01-19,青岛,246.1,支付宝
10930,U0195,2025-05-28,枣庄,156.38,微信
10931,U0194,2025-06-11,德州,129.46,微信
10932,U0283,2025-06-25,泰安,263.46,微信
10933,U0244,2025-01-14,泰安,80.36,支付宝
10934,U0029,2025-02-08,潍坊,39.07,支付宝
10935,U0005,2025-02-08,威海,184.2,支付宝
10936,U0088,2025-05-25,聊城,132.39,微信
10937,U0043,2025-03-19,聊城,103.83,支付宝
10938,U0256,2025-01-22,淄博,198.96,支付宝
10939,U0223,2025-03-05,青岛,173.41,支付宝
10940,U0170,2025-01-31,聊城,128.98,支付宝
10941,U0290,2025-05-23,淄博,89.58,微信
10942,U0049,2025-04-17,烟台,207.99,微信
10943,U0271,2025-06-05,聊城,195.76,支付宝
10944,U0022,2025-06-02,聊城,154.55,微信
10945,U0118,2025-06-08,淄博,261.57,支付宝
10946,U0109,2025-02-27,日照,101.15,支付宝
10947,U0291,2025-05-14,临沂,76.1,支付宝
10948,U0244,2025-04-08,临沂,121.95,微信
10949,U0139,2025-04-26,临沂,157.49,支付宝
10950,U0024,2025-04-24,威海,173.38,支付宝
10951,U0039,2025-03-18,聊城,146.73,微信
10952,U0144,2025-05-31,青岛,179.36,微信
10953,U0279,2025-04-20,日照,91.17,支付宝
10954,U0289,2025-03-20,烟台,239.41,微信
10955,U0017,2025-05-26,日照,155.48,支付宝
10956,U0092,2025-06-08,泰安,221.45,微信
10957,U0162,2025-01-16,聊城,178.85,支付宝
10958,U0009,2025-06-06,日照,185.12,支付宝
10959,U0107,2025-01-26,泰安,191.34,支付宝
10960,U0301,2025-02-23,淄博,184.62,支付宝
10961,U0074,2025-06-10,,195.35,微信
10962,U0204,2025-02-24,聊城,,微信
10963,U0040,,日照,170.81,微信
10964,U0154,2025-06-19,烟台,199.0,支付宝
10965,U0084,2025-01-21,聊城,155.06,支付宝
10966,U0289,2025-02-10,济宁,239.21,微信
10967,U0124,2025-03-03,德州,122.8,支付宝
10968,U0291,2025-02-14,烟台,259.05,微信
10969,U0200,2025-05-22,淄博,157.79,支付宝
10970,U0277,2025-01-20,枣庄,81.31,支付宝
10971,U0170,2025-02-10,威海,167.05,支付宝
10972,U0197,2025-01-01,威海,122.54,微信
10973,U0072,2025-04-15,日照,206.24,微信
10974,U0041,2025-04-26,聊城,124.11,微信
10975,U0257,2025-06-26,潍坊,135.46,支付宝
10976,U0178,2025-06-02,日照,56.08,微信
10977,U0028,2025-05-01,聊城,135.12,支付宝
10978,U0051,2025-03-16,淄博,26.69,支付宝
10979,U0224,2025-01-09,青岛,72.89,微信
10980,U0119,2025-03-01,潍坊,201.82,支付宝
10981,U0039,2025-03-15,德州,203.22,微信
10982,U0175,2025-06-30,济南,183.4,支付宝
10983,U0310,2025-03-14,淄博,106.82,支付宝
10984,U0315,2025-06-29,济宁,157.38,微信
10985,U0305,2025-04-27,济南,159.8,微信
10986,U0204,2025-01-19,潍坊,96.29,支付宝
10987,U0168,2025-06-25,泰安,242.69,支付宝
10988,U0016,2025-03-01,济南,208.25,支付宝
10989,U0140,2025-03-09,日照,147.85,微信
10990,U0231,2025-06-10,济南,161.48,微信
10991,U0252,2025-05-31,临沂,171.46,微信
10992,U0117,2025-06-19,青岛,47.7,微信
10993,U0183,2025-02-20, 德州 ,146.41,微信
10994,U0284,2025-04-19,德州,122.49,微信
10995,U0193,2025-01-30,泰安,104.91,微信
10996,U0222,2025-05-20,青岛,144.54,支付宝
10997,U0096,2025-02-27,日照,258.87,支付宝
10998,U0300,2025-06-15,青岛,195.25,支付宝
10999,U0195,2025-02-08,泰安,128.59,支付宝
11000,U0044,2025-03-10,济南,191.49,微信
11001,U0317,2025-02-06,聊城,236.96,微信
11002,U0152,,德州,210.85,支付宝
11003,U0127,2025-01-16,青岛,163.28,支付宝
11004,U0038,2025-02-12,临沂,124.42,支付宝
11005,U0043,2025-03-20,德州,198.4,支付宝
11006,U0138,2025-06-02,淄博,181.64,支付宝
11007,U0079,2025-05-26,济南,209.24,微信
11008,U0195,2025-03-15,烟台,194.93,微信
11009,U0079,2025-04-23,枣庄,217.73,支付宝
11010,U0200,2025-02-01,济宁,130.56,微信
11011,U0163,2025-04-30,威海,232.46,支付宝
11012,U0185,2025-06-26,日照,,微信
11013,U0055,2025-03-19,聊城,274.14,支付宝
11014,U0047,2025-06-29,淄博,122.09,微信
11015,U0003,2025-04-14,临沂,255.48,微信
11016,U0158,2025-03-11,聊城,170.89,支付宝
11017,U0228,2025-05-09,日照,124.17,微信
11018,U0185,2025-05-19,淄博,133.39,支付宝
11019,U0139,2025-05-07,潍坊,142.38,微信
11020,U0053,2025-04-23,临沂,183.33,微信
11021,U0068,2025-01-21,淄博,188.76,支付宝
11022,U0045,2025-06-03,德州,128.45,支付宝
11023,U0096,2025-01-11,德州,158.66,支付宝
11024,U0221,2025-04-21,德州,277.82,支付宝
11025,U0230,2025-03-24,聊城,255.01,支付宝
11026,U0286,2025-06-04,青岛,184.0,支付宝
11027,U0285,2025-03-06,聊城,162.09,支付宝
11028,U0263,2025-01-07,日照,166.6,微信
11029,U0209,2025-01-24,济南,193.74,微信
11030,U0053,2025-02-28,潍坊,103.75,支付宝
11031,U0014,2025-06-22,潍坊,145.84,微信
11032,U0046,2025-05-28,潍坊,68.23,微信
11033,U0182,2025-05-31,德州,181.96,支付宝
11034,U0284,2025-01-06,日照,195.6,支付宝
11035,U0048,2025-06-22,烟台,133.42,支付宝
11036,U0306,2025-03-10,淄博,246.57,微信
11037,U0307,2025-05-28,济南,92.58,支付宝
11038,U0167,2025-01-11,济南,79.46,微信
11039,U0198,2025-02-14,聊城,172.34,微信
11040,U0007,2025-05-01,青岛,217.59,微信
11041,U0150,2025-05-13,临沂,252.62,微信
11042,U0212,2025-06-16,威海,134.76,微信
11043,U0199,2025-04-24,德州,219.33,微信
11044,U0044,2025-03-13,枣庄,157.88,支付宝
11045,U0287,2025-02-16,临沂,150.51,支付宝
11046,U0125,2025-05-30,日照,208.6,微信
11047,U0293,2025-04-22,聊城,195.88,微信
11048,U0267,2025-06-12,聊城,73.3,微信
11049,U0087,2025-05-06,日照,241.21,支付宝
11050,U0195,2025-01-24,烟台,235.91,支付宝
11051,U0087,2025-05-01,德州,,支付宝
11052,U0072,2025-03-31,威海,181.77,微信
11053,U0138,2025-04-15,淄博,187.17,支付宝
11054,U0155,2025-03-27,聊城,174.34,支付宝
11055,U0138,2025-03-24,威海,129.73,支付宝
11056,U0253,2025-06-21,临沂,123.06,支付宝
11057,U0075,2025-01-27,德州,158.59,支付宝
11058,U0033,2025-02-11,聊城,224.5,微信
11059,U0086,2025-03-26,临沂,189.9,微信
11060,U0223,2025-04-16,青岛,139.62,支付宝
11061,U0142,2025-06-27,枣庄,202.44,微信
11062,U0216,2025-05-07,泰安,3.33,支付宝
11063,U0154,2025-03-15,日照,223.18,微信
11064,U0248,2025-06-19,济宁,64.32,支付宝
11065,U0040,2025-04-13,泰安,140.07,支付宝
11066,U0185,2025-05-21,泰安,98.42,支付宝
11067,U0129,2025-01-10,聊城,88.79,微信
11068,U0127,2025-04-27,淄博,223.85,微信
11069,U0254,2025-01-23,济宁,134.28,支付宝
11070,U0305,2025-03-22,潍坊,,支付宝
11071,U0316,2025-03-06,济南,157.42,微信
11072,U0101,2025-03-24,潍坊,186.24,支付宝
11073,U0235,2025-01-30,青岛,164.23,微信
11074,U0055,2025-04-14,淄博,89.44,微信
11075,U0070,2025-05-12,青岛,214.79,支付宝
11076,U0156,2025-01-01,泰安,132.84,支付宝
11077,U0004,2025-06-18,泰安,74.39,微信
11078,U0203,2025-05-19,威海,136.45,微信
11079,U0171,2025-04-29,青岛,242.54,微信
11080,U0318,2025-04-16,济南,206.76,支付宝
11081,U0195,2025-01-14,烟台,140.82,微信
11082,U0169,2025-02-18,枣庄,140.79,支付宝
11083,U0226,2025-05-13,聊城,142.31,微信
11084,U0172,2025-04-03,泰安,274.22,支付宝
11085,U0221,2025-06-09,济南,181.01,微信
11086,U0305,2025-05-08,泰安,183.65,支付宝
11087,U0070,2025-06-10,烟台,216.67,支付宝
11088,U0154,2025-04-24,威海,173.13,支付宝
11089,U0165,2025-01-14,济南,145.75,支付宝
11090,U0309,2025-02-22,德州,149.2,支付宝
11091,U0103,2025-03-10,日照,156.06,支付宝
11092,U0246,2025-05-21,威海,157.95,支付宝
11093,U0161,2025-02-03,日照,200.02,支付宝
11094,U0091,2025-03-15,青岛,162.86,微信
11095,U0204,2025-04-23,枣庄,200.3,微信
11096,U0164,2025-06-28,德州,155.56,支付宝
11097,U0150,2025-05-05,威海,164.32,支付宝
11098,U0252,2025-02-01,淄博,50.1,微信
11099,U0295,2025-01-08,烟台,210.4,支付宝
11100,U0125,2025-06-11,济宁,179.06,微信
11101,U0167,2025-06-05,德州,214.89,微信
11102,U0193,2025-03-03,聊城,0.71,支付宝
11103,U0144,2025-02-10,烟台,28900.0,微信
11104,U0202,2025-03-21,淄博,152.32,支付宝
11105,U0187,2025-05-22,临沂,220.95,支付宝
11106,U0059,2025-01-04,泰安,102.81,微信
11107,U0289,2025-05-22,淄博,193.7,微信
11108,U0103,2025-04-15,济宁,102.06,微信
11109,U0304,2025-01-24,德州,125.69,支付宝
11110,U0280,2025-02-27,淄博,265.27,支付宝
11111,U0093,2025-01-30,泰安,149.51,微信
11112,U0282,2025-04-29,潍坊,171.96,支付宝
11113,U0014,2025-01-31,淄博,207.85,微信 
11114,U0237,2025-06-15,淄博,187.26,支付宝
11115,U0108,2025-02-09,潍坊,168.27,微信
11116,U0225,2025-05-08,济宁,180.07,微信
11117,U0150,2025-03-16,烟台,292.19,微信
11118,U0036,2025-05-11,临沂,156.83,微信
11119,U0210,2025-06-30,临沂,171.06,支付宝
11120,U0256,2025-03-11,日照,-217.79,支付宝
11121,U0072,2025-04-17,烟台,220.8,微信
11122,U0156,2025-05-04,烟台,225.29,支付宝
11123,U0124,2025-05-01,烟台,195.13,微信
11124,U0130,2025-03-04,青岛,97.13,支付宝
11125,U0079,2025-04-27,临沂,249.84,微信
11126,U0217,2025-05-22,德州,96.95,微信
11127,U0194,2025-02-07,威海,176.64,支付宝
11128,U0038,2025-04-09,淄博,118.51,微信
11129,U0230,2025-02-18,枣庄,156.47,微信
11130,U0307,2025-06-03,淄博,178.08,微信
11131,U0246,2025-05-11,德州,177.67,支付宝
11132,U0299,2025-02-04,日照,183.21,支付宝
11133,U0206,2025-01-18,济南,248.75,支付宝
11134,U0274,2025-03-12,济宁,184.94,微信
11135,U0260,2025-04-17,日照,-146.57,支付宝
11136,U0215,2025-03-29,烟台,213.02,微信
11137,U0279,2025-05-10,枣庄,225.42,微信
11138,U0019,2025-03-10,临沂,92.48,支付宝
11139,U0185,2025-01-01,日照,192.86,微信
11140,U0275,2025-03-14,威海,198.56,支付宝
11141,U0305,2025-03-18,威海,143.63,微信
11142,U0044,2025-05-31,临沂,235.66,微信
11143,U0056,2025-05-29,济南,151.75,微信
11144,U0128,2025-06-18,日照,166.91,支付宝
11145,U0182,2025-05-06,烟台,150.48,支付宝
11146,U0086,2025-02-08,潍坊,160.86,支付宝
11147,U0314,2025-04-25,德州,99.7,支付宝
11148,U0023,2025-05-18,济宁,80.8,支付宝
11149,U0289,2025-05-04,潍坊,247.7,微信
11150,U0205,2025-03-30,青岛,113.42,支付宝
11151,U0170,2025-03-27,淄博,105.47,支付宝
11152,U0221,2025-05-22,聊城,41.56,支付宝
11153,U0055,2025-05-20,青岛,124.86,支付宝
11154,U0006,2025-04-07,济南,87.23,微信
11155,U0051,2025-04-27,淄博,250.31,支付宝
11156,U0133,2025-03-24,德州,215.54,微信
11157,U0114,2025-02-18,烟台,122.15,支付宝
11158,U0262,2025-06-28,淄博,283.88,支付宝
11159,U0266,2025-03-03,德州,214.0,支付宝
11160,U0286,2025-05-27,淄博,142.13,支付宝
11161,U0298,2025-04-09,枣庄,22.53,微信
11162,U0295,2025-03-01,枣庄,286.0,微信
11163,U0114,2025-04-16,济南,83.57,支付宝
11164,U0229,2025-01-12,青岛,69.5,支付宝
11165,U0192,2025-03-23,日照,216.24,支付宝
11166,U0201,2025-05-02,临沂,294.19,支付宝
11167,U0238,2025-06-30,烟台,236.14,支付宝
11168,U0302,2025-04-08,淄博,191.02,支付宝
11169,U0257,2025-04-09,济宁,192.71,微信
11170,U0078,2025-06-19,济宁,206.94,支付宝
11171,U0177,2025-06-16,泰安,201.74,支付宝
11172,U0013,2025-02-08,德州,175.47,支付宝
11173,U0248,2025-05-07,淄博,165.73,微信
11174,U0054,2025-01-10, 淄博 ,156.56,微信
11175,U0152,2025-02-02,济南,118.53,支付宝
11176,U0213,2025-05-09,日照,144.56,微信
11177,U0044,2025-06-01,济宁,66.89,支付宝
11178,U0060,2025-03-26,临沂,154.59,微信
11179,U0073,2025-01-26,日照,105.63,微信
11180,U0179,2025-04-23,日照,99.3,微信
11181,U0160,2025-01-26,德州,169.89,微信
11182,U0176,2025-05-15,临沂,236.56,支付宝
11183,U0234,2025-04-27,日照,210.51,微信
11184,U0106,2025-01-04,潍坊,73.62,微信
11185,U0267,2025-02-06,济宁,105.57,支付宝
11186,U0248,2025-04-15,临沂,211.74,支付宝
11187,U0179,2025-06-17,淄博,105.96,微信
11188,U0244,2025-02-09,聊城,147.65,支付宝
11189,U0050,2025-01-20,聊城,190.25,支付宝
11190,U0225,2025-05-01,德州,106.74,微信
11191,U0232,2025-03-09,潍坊,165.8,微信
11192,U0164,2025-03-28,日照,86.63,微信
11193,U0035,2025-06-09,济宁,126.92,微信
11194,U0154,2025-06-27,聊城,177.59,微信
11195,U0023,2025-04-12,日照,72.39,微信
11196,U0059,2025-06-16,泰安,184.23,微信
11197,U0012,2025-01-21,济南,158.92,微信
11198,U0176,2025-03-26,枣庄,190.39,微信
11199,U0056,2025-06-22,聊城,172.32,微信
11200,U0085,2025-05-17,烟台,235.03,支付宝
11201,U0125,2025-04-08,济南,166.89,微信
11202,U0265,2025-03-23,济宁,136.38,微信
11203,U0090,2025-06-10,济宁,166.73,微信
11204,U0283,2025-05-05,济南,189.88,支付宝
11205,U0082,2025-05-19,泰安,162.69,支付宝
11206,U0170,2025-01-10,德州,162.23,支付宝
11207,U0287,2025-06-08,青岛,121.39,微信
11208,U0219,2025-01-18,淄博,123.54,支付宝
11209,U0237,2025-03-02,济宁,82.86,支付宝
11210,U0119,2025-06-11,威海,256.23,支付宝
11211,U0208,2025-06-25,临沂,91.59,支付宝
11212,U0095,2025-03-15,青岛,121.89,支付宝
11213,U0096,2025-02-28,潍坊,120.49,微信
11214,U0222,2025-01-24,潍坊,209.22,微信
11215,U0203,2025-04-22,枣庄,143.78,支付宝
11216,U0015,2025-01-26,日照,228.63,微信
11217,U0315,2025-06-12,潍坊,122.96,支付宝
11218,U0102,2025-06-30,潍坊,175.34,支付宝
11219,U0231,2025-01-26,,114.06,支付宝
11220,U0304,2025-04-24,济南,277.98,微信
11221,U0220,2025-02-12,潍坊,94.68,支付宝
11222,U0200,2025-06-27,日照,177.04,支付宝
11223,U0003,2025-03-18,济宁,194.86,微信
11224,U0110,2025-01-08,淄博,182.76,支付宝
11225,U0106,2025-01-12,济南,149.81,微信
11226,U0143,2025-03-25,日照,152.86,支付宝
11227,U0033,2025-01-15,聊城,162.41,微信
11228,U0296,2025-03-17,威海,151.91,支付宝
11229,U0053,2025-04-02,济宁,213.01,微信
11230,U0275,2025-04-06,德州,281.58,支付宝
11231,U0096,2025-04-21,聊城,129.34,微信
11232,U0188,2025-02-07,威海,84.66,微信
11233,U0167,2025-03-04,济南,155.14,支付宝
11234,U0101,2025-05-16,聊城,301.88,微信
11235,U0235,2025-04-16,济宁,115.8,微信
11236,U0059,2025-05-25,烟台,250.15,支付宝
11237,U0135,2025-06-24,淄博,252.27,支付宝
11238,U0251,2025-02-16,济宁,129.55,微信
11239,U0271,2025-02-13,青岛,191.29,微信
11240,U0161,2025-02-14,德州,249.56,微信
11241,U0306,2025-01-21,日照,139.15,微信
11242,U0199,2025-06-06,青岛,148.8,支付宝
11243,U0313,2025-04-08,威海,128.01,支付宝
11244,U0201,2025-06-08,济宁,104.19,微信
11245,U0301,2025-06-24,青岛,124.29,支付宝
11246,U0059,2025-03-03,德州,92.68,微信
11247,U0179,2025-05-08,枣庄,161.87,微信
11248,U0181,2025-05-30,潍坊,117.65,微信
11249,U0235,2025-02-06,潍坊,172.86,支付宝
11250,U0317,2025-03-01,日照,74.43,支付宝
11251,U0089,2025-04-29,济南,178.2,微信
11252,U0153,2025-06-13,枣庄,205.84,支付宝
11253,U0315,2025-03-07,泰安,50.34,支付宝
11254,U0303,2025-04-28,淄博,180.57,微信
11255,U0044,2025-03-07,临沂,227.52,支付宝
11256,U0069,2025-06-20,泰安,93.47,支付宝
11257,U0161,2025-01-03,聊城,251.99,支付宝
11258,U0061,2025-04-30,潍坊,183.05,支付宝
11259,U0123,2025-03-15,德州,121.22,微信
11260,U0157,2025-06-23,德州,156.93,微信
11261,U0060,2025-05-20,淄博,190.71,微信
11262,U0094,2025-13-05,青岛,164.18,支付宝
11263,U0192,2025-01-19,日照,189.63,支付宝
11264,U0073,2025-04-24,,109.36,微信
11265,U0262,2025-03-30,青岛,169.31,支付宝
11266,U0199,2025-05-31,日照,82.25,支付宝
11267,U0215,2025-03-18,德州,153.88,支付宝
11268,U0306,2025-06-13,聊城,110.29,支付宝
11269,U0071,2025-04-19,日照,119.55,微信
11270,U0295,2025-06-26,烟台,227.99,微信
11271,U0197,2025-03-06,济南,220.02,支付宝
11272,U0217,2025-04-27,淄博,193.5,支付宝
11273,U0096,2025-03-19,淄博,99.92,微信
11274,U0250,2025-02-20,泰安,142.6,支付宝
11275,U0276,2025-04-09,济宁,226.72,支付宝
11276,U0089,2025-05-04,济南,167.79,微信
11277,U0285,2025-01-28, 济南 ,287.56,微信
11278,U0086,2025-03-02,威海,181.63,微信
11279,U0251,2025-04-08,威海,170.56,支付宝
11280,U0148,2025-05-27,潍坊,143.0,微信
11281,U0072,2025-04-02,淄博,167.34,支付宝
11282,U0096,2025-05-28,淄博,151.61,支付宝
11283,U0162,2025-03-17,济宁,198.95,微信
11284,U0231,2025-06-29,青岛,212.62,支付宝
11285,U0318,2025-03-17,临沂,116.77,支付宝
11286,U0028,2025-01-06,聊城,86.78,微信
11287,U0184,2025-06-18,聊城,59.01,支付宝
11288,U0005,2025-04-12,聊城,187.94,微信
11289,U0249,2025-03-12,烟台,99.31,微信
11290,U0070,2025-01-03,临沂,41.59,微信
11291,U0100,2025-05-25,潍坊,181.37,微信
11292,U0197,2025-06-25,日照,297.11,微信
11293,U0288,2025-01-13,淄博,159.67,微信
11294,U0259,2025-06-05,泰安,206.12,支付宝
11295,U0254,2025-05-08,泰安,164.5,支付宝
11296,U0210,2025-03-15,泰安,154.56,微信
11297,U0252,2025-02-28,临沂,210.55,支付宝
11298,U0213,2025-06-05,威海,144.03,支付宝
11299,U0228,2025-04-01,青岛,174.71,支付宝
11300,U0251,2025-02-26,临沂,177.69,微信
11301,U0086,2025-06-12,济宁,123.26,微信
11302,U0043,2025-02-18,泰安,214.56,支付宝
11303,U0290,2025-06-08,日照,150.38,微信
11304,U0016,2025-03-06,德州,118.43,支付宝
11305,U0113,2025-06-23,威海,189.51,微信
11306,U0150,2025-06-18,济南,110.58,支付宝
11307,U0017,2025-06-24,德州,161.55,微信
11308,U0141,2025-02-05,淄博,159.5,微信
11309,U0116,2025-06-10,枣庄,219.72,支付宝
11310,U0276,2025-01-25,日照,186.11,微信
11311,U0148,2025-06-10,淄博,158.62,微信
11312,U0087,2025-06-15,济宁,204.98,微信
11313,U0235,2025-01-11,青岛,236.46,微信
11314,U0290,2025-03-21,日照,190.68,微信
11315,U0254,2025-04-23,济宁,160.57,支付宝
11316,U0282,2025-01-09,青岛,87.85,微信
11317,U0262,2025-05-29,济宁,101.42,支付宝
11318,U0058,2025-04-04,临沂,143.21,微信
11319,U0294,2025-02-03,聊城,126.48,微信
11320,U0059,2025-01-24,威海,149.72,微信
11321,U0138,2025-03-17,枣庄,163.12,微信
11322,U0279,2025-03-25,烟台,189.13,微信
11323,U0188,2025-04-17,烟台,156.12,微信
11324,U0278,2025-02-14,泰安,186.76,支付宝
11325,U0022,2025-02-21,日照,163.55,微信
11326,U0226,2025-02-03,日照,51.35,支付宝
11327,U0280,2025-05-19,临沂,108.34,微信
11328,U0112,2025-04-04,济宁,152.08,微信
11329,U0218,2025-05-16,青岛,93.47,微信
11330,U0053,2025-05-09,威海,193.0,微信
11331,U0127,2025-03-11,济宁,244.19,支付宝
11332,U0153,2025-02-12,临沂,227.03,微信
11333,U0017,2025-03-07,烟台,-148.26,微信
11334,U0231,2025-05-04,枣庄,241.99,微信
11335,U0135,2025-03-17,枣庄,168.18,支付宝
11336,U0179,2025-03-28,烟台,141.46,支付宝
11337,U0045,2025-01-30,威海,126.26,支付宝
11338,U0225,2025-04-30,日照,143.36,支付宝
11339,U0061,2025-01-20,青岛,138.65,微信
11340,U0122,2025-02-06,聊城,169.37,微信
11341,U0108,2025-02-27,威海,168.83,支付宝
11342,U0302,2025-06-23,泰安,160.17,微信
11343,U0180,2025-06-22,威海,12800.0,微信
11344,U0313,2025-04-12,威海,225.49,微信
11345,U0220,2025-05-23,烟台,212.23,支付宝
11346,U0085,2025-04-04,德州,78.33,微信
11347,U0316,2025-01-24,烟台,19.53,微信
11348,U0072,2025-04-12,潍坊,211.39,支付宝
11349,U0106,2025-01-04,泰安,84.82,微信
11350,U0106,2025-03-09,济南,147.64,支付宝
11351,U0031,2025-05-18,烟台,95.64,微信
11352,U0292,2025-02-01,临沂,60.89,支付宝
11353,U0180,2025-04-27,德州,189.78,微信
11354,U0273,2025-04-05,临沂,201.75,支付宝
11355,U0144,2025-06-22,聊城,128.29,微信
11356,U0306,2025-06-22,聊城,17.49,微信
11357,U0276,2025-03-09,日照,129.96,微信
11358,U0087,2025-05-30,潍坊,181.55,微信
11359,U0166,2025-04-08,青岛,78.66,支付宝
11360,U0150,2025-06-13,烟台,170.08,微信
11361,U0149,2025-04-06,泰安,159.16,微信
11362,U0294,2025-01-28,日照,191.86,支付宝
11363,U0137,2025-06-22,聊城,166.58,微信
11364,U0264,2025-03-01,烟台,106.48,微信
11365,U0049,2025-05-01,枣庄,225.81,微信
11366,U0070,2025-01-07,枣庄,151.28,微信
11367,U0211,2025-06-08,枣庄,158.5,微信
11368,U0031,2025-05-24,烟台,108.67,支付宝
11369,U0142,2025-03-25, 德州 ,135.62,支付宝
11370,U0065,2025-06-06,青岛,111.34,支付宝
11371,U0068,2025-02-26,枣庄,150.49,微信
11372,U0128,2025-06-15,淄博,,微信
11373,U0075,2025-01-17,济宁,84.55,微信
11374,U0165,2025-06-12,泰安,71.25,支付宝
11375,U0127,2025-04-29,日照,240.91,支付宝
11376,U0202,,威海,148.49,支付宝
11377,U0251,2025-03-19,济宁,123.2,微信
11378,U0073,2025-06-16,青岛,217.19,微信
11379,U0296,2025-04-15,泰安,126.69,微信
11380,U0138,2025-01-30,淄博,260.43,微信
11381,U0213,2025-02-05,临沂,197.29,支付宝
11382,U0193,2025-01-12,青岛,133.16,微信
11383,U0232,2025-01-10,聊城,278.65,支付宝
11384,U0039,2025-03-19,日照,126.69,支付宝
11385,U0048,2025-05-07,济宁,200.82,支付宝
11386,U0207,2025-01-30,聊城,176.46,微信
11387,U0264,2025-01-25,济宁,231.6,微信
11388,U0143,2025-03-02,济南,245.88,微信
11389,U0189,2025-05-18,淄博,161.76,微信
11390,U0233,2025-02-04,日照,118.56,微信
11391,U0250,2025-04-10,济南,185.3,支付宝
11392,U0168,2025-04-27,威海,122.73,微信
11393,U0298,2025-04-05,威海,270.74,支付宝
11394,U0002,2025-06-21,潍坊,-167.51,微信
11395,U0048,2025-06-28,德州,139.91,支付宝
11396,U0235,2025-05-19,威海,170.16,微信
11397,U0184,2025-04-18,临沂,85.91,微信
11398,U0033,2025-05-31,济南,106.56,微信
11399,U0274,2025-02-09,淄博,226.02,微信
11400,U0204,2025-04-17,青岛,123.87,支付宝
11401,U0112,2025-06-17,淄博,102.42,支付宝
11402,U0220,2025-01-26,淄博,189.52,微信
11403,U0109,2025-05-06,枣庄,225.21,微信
11404,U0254,2025-06-07,日照,199.54,微信
11405,U0138,2025-04-15,德州,214.78,微信
11406,U0166,2025-03-13,泰安,118.38,支付宝
11407,U0146,2025-01-09,烟台,81.8,支付宝
11408,U0173,2025-06-26,潍坊,242.57,微信
11409,U0281,2025-04-05,临沂,142.25,支付宝
11410,U0296,2025-02-25,德州,146.2,支付宝
11411,U0067,2025-04-24,威海,233.05,支付宝
11412,U0290,2025-04-24,聊城,190.59,支付宝
11413,U0249,2025-03-02,青岛,185.07,微信
11414,U0176,2025-04-03,泰安,279.08,微信
11415,U0025,2025-01-26,枣庄,124.61,微信
11416,U0024,2025-06-25,淄博,211.03,微信
11417,U0051,2025-04-05,淄博,163.14,微信
11418,U0236,2025-05-20,济宁,174.77,微信
11419,U0009,2025-06-15,潍坊,244.07,支付宝
11420,U0064,2025-04-02,烟台,187.93,微信
11421,U0081,2025-01-16,淄博,189.61,微信
11422,U0226,2025-04-12,济南,218.99,微信
11423,U0234,2025-03-12,日照,139.93,支付宝
11424,U0001,,临沂,113.84,支付宝
11425,U0220,2025-02-01,德州,102.54,支付宝
11426,U0104,2025-04-27,威海,51.85,微信
11427,U0068,2025-01-24,日照,273.09,支付宝
11428,U0155,2025-06-19,泰安,99.32,微信
11429,U0082,2025-02-24,德州,147.83,微信
11430,U0141,2025-06-14,淄博,144.78,支付宝
11431,U0048,2025-06-13,泰安,176.91,微信
11432,U0185,2025-06-02,枣庄,204.87,微信
11433,U0129,2025-01-06,泰安,207.33,微信
11434,U0043,2025-01-13,泰安,127.93,支付宝
11435,U0191,2025-03-27,威海,150.81,微信
11436,U0085,2025-03-04,威海,175.54,支付宝
11437,U0027,2025-02-02,日照,146.32,微信
11438,U0203,2025-05-25,泰安,248.4,微信
11439,U0157,2025-02-22,聊城,,支付宝
11440,U0120,2025-01-18,聊城,200.42,支付宝
11441,U0220,2025-05-22,枣庄,196.46,微信
11442,U0047,2025-02-23,烟台,224.54,支付宝
11443,U0049,2025-05-31,济南,169.96,微信
11444,U0001,2025-02-25,临沂,88.67,微信
11445,U0110,2025-03-01,德州,181.98,支付宝
11446,U0245,2025-03-26,枣庄,124.18,微信
11447,U0040,2025-02-07,临沂,,支付宝
11448,U0068,2025-06-02,济宁,192.25,支付宝
11449,U0304,2025-01-01,青岛,228.11,微信
11450,U0116,2025-03-12,烟台,161.17,支付宝
11451,U0266,2025-02-07,临沂,176.99,微信
11452,U0228,2025-02-03,济南,253.62,支付宝
11453,U0005,2025-05-19,日照,173.24,支付宝
11454,U0005,2025-03-06,临沂,303.09,微信
11455,U0176,2025-02-14,淄博,191.1,支付宝
11456,U0062,2025-01-29,德州,63.16,微信
11457,U0217,2025-06-19,烟台,201.43,微信
11458,U0068,2025-01-07,潍坊,180.96,微信
11459,U0245,2025-02-03,枣庄,230.94,支付宝
11460,U0037,2025-01-04,枣庄,197.02,微信
11461,U0118,2025-04-02,济南,152.38,微信
11462,U0197,2025-03-02,济南,92.66,支付宝
11463,U0046,2025-05-31,日照,148.5,支付宝
11464,U0053,2025-03-24,烟台,113.22,支付宝
11465,U0053,2025-01-05,济宁,128.07,微信
11466,U0161,2025-02-14,聊城,192.37,支付宝
11467,U0189,2025-03-09,淄博,251.84,微信
11468,U0154,2025-01-14,日照,181.71,支付宝
11469,U0071,2025-02-02,青岛,94.23,微信
11470,U0196,2025-04-18,聊城,184.45,微信
11471,U0069,2025-05-15,青岛,225.81,微信
11472,U0074,2025-01-30,威海,126.46,微信
11473,U0036,2025-01-17,淄博,152.63,支付宝
11474,U0272,2025-05-02,威海,160.81,支付宝
11475,U0289,2025-04-25,泰安,116.83,微信
11476,U0005,2025-04-03,潍坊,195.66,支付宝
11477,U0313,2025-05-12,日照,153.35,支付宝
11478,U0085,2025-06-01,潍坊,183.07,支付宝
11479,U0226,2025-01-28,烟台,111.19,微信
11480,U0180,2025-04-26,威海,135.94,支付宝
11481,U0110,2025-05-09,日照,199.73,微信
11482,U0078,2025-02-26,济宁,139.49,微信
11483,U0211,,淄博,254.98,支付宝
11484,U0316,2025-01-12,青岛,138.02,支付宝
11485,U0227,2025-06-18,潍坊,172.36,微信
11486,U0112,2025-05-14,临沂,211.29,微信
11487,U0045,2025-03-19,淄博,81.99,微信
11488,U0052,2025-04-28,潍坊,63.16,支付宝
11489,U0072,2025-06-14,烟台,76.09,微信
11490,U0064,2025-01-08,烟台,229.44,微信
11491,U0302,2025-01-16,枣庄,129.65,支付宝
11492,U0197,2025-05-03,德州,300.7,微信
11493,U0180,2025-04-13,枣庄,128.97,支付宝
11494,U0220,2025-04-20,威海,170.15,支付宝
11495,U0162,2025-06-25,济南,244.82,支付宝
11496,U0072,2025-01-28, 淄博 ,270.34,微信
11497,U0127,2025-05-06,泰安,273.38,支付宝
11498,U0142,2025-04-24,枣庄,226.46,支付宝
11499,U0044,2025-01-19,泰安,216.32,微信
11500,U0128,2025-01-21,临沂,192.59,微信
11501,U0284,2025-03-24,济宁,202.81,微信
11502,U0308,2025-06-05,淄博,129.68,支付宝
11503,U0308,2025-02-07,日照,115.0,微信
11504,U0312,2025-01-17,青岛,159.81,微信
11505,U0146,2025-02-02,临沂,150.64,支付宝
11506,U0014,2025-03-12,泰安,135.07,支付宝
11507,U0155,2025-06-09,泰安,198.3,微信
11508,U0106,2025-06-12,泰安,212.54,微信
11509,U0266,2025-05-30,烟台,164.86,微信
11510,U0311,2025-05-21,威海,241.26,支付宝
11511,U0261,2025-03-25,聊城,97.21,支付宝
11512,U0097,2025-04-08,济宁,149.35,微信
11513,U0201,2025-06-02,日照,-120.57,支付宝
11514,U0152,2025-05-16,临沂,57.34,微信
11515,U0028,2025-03-17,潍坊,155.45,支付宝
11516,U0123,2025-04-27,德州,153.3,支付宝
11517,U0254,2025-05-10,烟台,243.24,微信
11518,U0198,2025-06-04,聊城,194.69,支付宝
11519,U0058,2025-04-21,济宁,103.67,微信
11520,U0124,2025-01-26,枣庄,261.98,支付宝
11521,U0256,2025-06-29,日照,227.16,支付宝
11522,U0305,2025-01-30,枣庄,192.02,微信
11523,U0037,,枣庄,147.54,微信
11524,U0271,2025-06-16,临沂,107.23,支付宝
11525,U0007,2025-05-22,威海,139.53,支付宝
11526,U0185,2025-02-25,泰安,219.88,微信
11527,U0163,2025-04-21,日照,263.65,支付宝
11528,U0068,2025-04-26,潍坊,244.88,支付宝
11529,U0199,2025-02-28,济南,21000.0,支付宝
11530,U0292,2025-04-16,临沂,98.42,微信
11531,U0216,2025-03-28,济南,167.75,微信
11532,U0188,2025-04-27,泰安,6666.66,支付宝
11533,U0280,2025-04-13,威海,177.77,微信
11534,U0089,2025-04-17,威海,151.88,支付宝
11535,U0242,2025-01-25,泰安,134.37,微信
11536,U0038,2025-03-22,泰安,72.29,微信
11537,U0009,2025-04-20,日照,188.25,支付宝
11538,U0301,2025-03-22,淄博,130.7,支付宝
11539,U0035,2025-06-20,济南,95.65,支付宝
11540,U0008,2025-03-07,威海,2.03,微信
11541,U0135,2025-04-06,泰安,158.49,支付宝
11542,U0111,2025-02-09,济南,257.47,支付宝
11543,U0021,2025-06-25,泰安,251.37,微信
11544,U0031,2025-05-02,青岛,134.86,微信
11545,U0204,2025-01-18,泰安,126.88,微信
11546,U0260,2025-01-24,淄博,185.78,微信
11547,U0147,2025-01-22,潍坊,105.09,支付宝
11548,U0257,2025-01-24,威海,176.6,微信
11549,U0213,2025-04-21,威海,202.13,微信
11550,U0217,2025-01-25,日照,227.48,支付宝
11551,U0206,2025-04-06,济南,154.49,微xin
11552,U0043,2025-02-03,聊城,148.8,微信
11553,U0275,2025-05-23,聊城,111.71,支付宝
11554,U0276,2025-01-16,日照,114.52,支付宝
11555,U0316,2025-05-31,青岛,147.54,支付宝
11556,U0079,2025-05-24,济宁,180.21,支付宝
11557,U0143,2025-05-24, 临沂 ,210.25,花呗
11558,U0043,2025-03-26,枣庄,115.83,微信
11559,U0159,2025-06-21,威海,242.1,微信
11560,U0041,2025-02-01,枣庄,145.09,支付宝
11561,U0262,2025-04-16,枣庄,158.82,支付宝
11562,U0105,2025-04-01,泰安,118.9,支付宝
11563,U0080,2025-06-20,临沂,26.67,支付宝
11564,U0275,2025-04-19,潍坊,208.62,微信
11565,U0168,,威海,200.53,支付宝
11566,U0201,2025-03-15,泰安,144.53,支付宝
11567,U0301,2025-06-03,德州,163.68,支付宝
11568,U0034,2025-03-21,威海,188.38,支付宝
11569,U0159,2025-04-01,德州,74.06,微信
11570,U0224,2025-01-27,泰安,130.9,微信
11571,U0123,2025-05-28,威海,203.68,支付宝
11572,U0030,2025-05-10,日照,91.01,微信
11573,U0126,2025-02-24,淄博,176.15,微信
11574,U0045,2025-02-09,青岛,85.39,支付宝
11575,U0223,2025-06-18,泰安,185.65,微信
11576,U0060,2025-05-04,聊城,158.04,支付宝
11577,U0233,2025-02-27,日照,-71.17,微信
11578,U0314,2025-01-28,烟台,224.06,微信
11579,U0312,2025-03-31,枣庄,119.6,微信
11580,U0029,2025-05-23,威海,115.44,支付宝
11581,U0159,2025-04-05,威海,171.03,微信
11582,U0090,2025-01-30,济宁,8888.0,微信
11583,U0062,2025-03-13,临沂,104.13,支付宝
11584,U0007,2025-05-27,潍坊,163.39,微信
11585,U0071,2025-02-27,潍坊,183.58,微信
11586,U0006,2025-04-20,泰安,198.12,微信
11587,U0084,2025-05-24,济宁,169.7,支付宝
11588,U0255,2025-06-09,济南,139.81,支付宝
11589,U0178,2025-06-07,临沂,114.48,微信
11590,U0268,2025-06-22,淄博,164.74,支付宝
11591,U0265,2025-06-14,淄博,101.03,支付宝
11592,U0133,2025-05-23,日照,0.67,支付宝
11593,U0086,2025-01-07,潍坊,184.01,支付宝
11594,U0191,2025-06-05,泰安,209.72,微信
11595,U0065,2025-06-18,威海,30.04,支付宝
11596,U0138,2025-06-27,济宁,104.46,微信
11597,U0061,,泰安,194.05,微信
11598,U0016,2025-01-08,枣庄,273.16,微信
11599,U0172,2025-02-16,威海,161.14,微信
11600,U0220,2025-03-11,威海,119.96,支付宝
11601,U0140,2025-06-29,济南,149.94,支付宝
11602,U0269,2025-03-21,德州,235.62,支付宝
11603,U0033,2025-03-28,淄博,124.47,支付宝
11604,U0135,2025-03-31,淄博,116.04,支付宝
11605,U0296,2025-01-02,德州,133.45,支付宝
11606,U0040,2025-02-16,济宁,107.57,支付宝
11607,U0255,2025-02-06,济宁,166.75,支付宝
11608,U0234,2025-05-25,枣庄,249.36,微信
11609,U0262,2025-06-18,日照,177.77,支付宝
11610,U0185,2025-04-13,泰安,146.12,微信
11611,U0029,2025-01-18,威海,143.95,支付宝
11612,U0256,2025-02-06,淄博,74.02,微信
11613,U0291,2025-06-12,济南,208.57,支付宝
11614,U0086,2025-01-08,德州,155.72,支付宝
11615,U0189,2025-01-24,日照,150.07,支付宝
11616,U0081,2025-05-16,日照,335.62,微信
11617,U0131,2025-02-25,潍坊,176.43,微信
11618,U0053,2025-04-07,淄博,118.65,支付宝
11619,U0294,2025-04-18,潍坊,136.55,支付宝
11620,U0060,2025-04-27,烟台,223.16,支付宝
11621,U0117,2025-03-29,济南,166.23,微信
11622,U0261,2025-02-10,聊城,80.89,微信
11623,U0002,2025-04-05,淄博,210.56,支付宝
11624,U0023,2025-03-21,潍坊,123.25,微信
11625,U0007,2025-03-25,临沂,263.03,微信
11626,U0126,2025-05-26,德州,219.4,微信
11627,U0024,2025-06-02,枣庄,135.4,微信
11628,U0242,2025-01-22,德州,230.46,微信
11629,U0187,2025-01-14,德州,163.73,微信
11630,U0197,2025-02-09,潍坊,206.9,微信
11631,U0077,2025-02-10,烟台,186.66,支付宝
11632,U0092,2025-06-08,威海,113.45,微信
11633,U0019,2025-01-13,德州,124.6,支付宝
11634,U0284,2025-06-22,聊城,216.65,支付宝
11635,U0215,2025-01-21,德州,141.59,支付宝
11636,U0115,2025-03-11,聊城,137.8,微信
11637,U0165,2025-04-24,威海,107.47,微信
11638,U0128,2025-06-19, 济宁 ,183.3,微信
11639,U0214,2025-04-19,潍坊,273.44,支付宝
11640,U0164,2025-05-05,泰安,101.29,支付宝
11641,U0139,2025-06-05,青岛,161.33,微信
11642,U0040,2025-04-24,枣庄,237.67,支付宝
11643,U0293,2025-04-17,德州,155.62,支付宝
11644,U0191,2025-03-11,临沂,184.88,微信
11645,U0062,2025-02-25,济宁,101.57,支付宝
11646,U0258,2025-05-12,青岛,183.56,微信
11647,U0027,2025-01-30,威海,149.71,微信
11648,U0092,2025-03-30,淄博,214.22,支付宝
11649,U0115,2025-04-21,潍坊,225.31,支付宝
11650,U0265,2025-01-29,青岛,302.43,微信
11651,U0024,2025-03-14,临沂,191.88,支付宝
11652,U0206,2025-06-23,济南,177.92,支付宝
11653,U0036,2025-06-23,聊城,170.69,微信
11654,U0239,2025-06-01,聊城,140.58,微信
11655,U0145,2025-05-05,德州,178.62,支付宝
11656,U0160,2025-05-15,济南,143.75,支付宝
11657,U0168,2025-06-20,威海,169.27,支付宝
11658,U0045,2025-03-20,淄博,232.47,支付宝
11659,U0284,2025-01-12,济宁,104.64,微信
11660,U0234,2025-02-26,淄博,222.69,支付宝
11661,U0005,2025-04-12,济南,232.44,支付宝
11662,U0189,2025-06-03,潍坊,153.51,微信
11663,U0103,2025-01-15,日照,43.3,支付宝
11664,U0150,2025-01-02,临沂,,微信
11665,U0289,2025-00-18, 聊城 ,231.33,微信
11666,U0156,2025-03-19,德州,158.74,微信
11667,U0319,2025-02-24,烟台,105.04,支付宝
11668,U0125,2025-02-05,潍坊,132.24,微信
11669,U0238,2025-03-07,烟台,206.23,支付宝
11670,U0189,2025-03-16,济宁,190.07,微信
11671,U0303,2025-03-25,泰安,146.86,支付宝
11672,U0253,2025-01-31,潍坊,139.82,支付宝
11673,U0101,2025-01-02,日照,138.45,微信
11674,U0280,2025-05-08,威海,109.27,支付宝
11675,U0126,2025-04-21,青岛,248.85,微信
11676,U0078,2025-02-14,青岛,142.27,微信
11677,U0004,2025-02-03,淄博,226.94,微信
11678,U0210,2025-04-08,潍坊,243.67,支付宝
11679,U0013,2025-05-17,威海,214.91,微信
11680,U0120,2025-06-30,烟台,136.26,微信
11681,U0278,2025-02-28, 威海 ,182.21,微信
11682,U0178,2025-05-09,青岛,158.67,支付宝
11683,U0005,2025-05-24,日照,110.3,微信
11684,U0172,2025-06-21,潍坊,177.84,支付宝
11685,U0001,2025-04-01,德州,95.15,微信
11686,U0193,2025-01-19,临沂,225.32,支付宝
11687,U0158,2025-04-12,潍坊,134.45,支付宝
11688,U0054,2025-01-11,淄博,171.06,微信
11689,U0106,2025-04-22,德州,175.58,支付宝
11690,U0272,2025-01-05,淄博,145.76,支付宝
11691,U0122,2025-04-28,枣庄,192.27,微信
11692,U0215,,泰安,133.88,支付宝
11693,U0252,2025-03-22,烟台,207.92,支付宝
11694,U0031,2025-05-28,淄博,85.97,支付宝
11695,U0073,2025-04-20,淄博,166.95,支付宝
11696,U0144,2025-05-27,枣庄,266.64,微信
11697,U0048,2025-04-14,青岛,,支付宝
11698,U0023,2025-06-13,青岛,122.72,支付宝
11699,U0119,2025-04-17,,188.26,支付宝
11700,U0267,2025-03-16,烟台,169.88,支付宝
11701,U0212,2025-01-30,德州,179.28,支付宝
11702,U0191,2025-04-14,聊城,186.91,微信
11703,U0235,2025-01-06,潍坊,194.91,微信
11704,U0044,,聊城,221.03,支付宝
11705,U0298,2025-02-13,泰安,182.54,支付宝
11706,U0049,2025-06-08,日照,146.73,支付宝
11707,U0259,2025-04-28,济宁,196.99,支付宝
11708,U0069,2025-06-26,聊城,264.49,微信
11709,U0202,2025-04-03,临沂,152.71,支付宝
11710,U0039,2025-01-23,枣庄,106.4,支付宝
11711,U0304,2025-04-22,德州,220.89,微信
11712,U0291,2025-01-28,聊城,153.38,微信
11713,U0032,2025-03-04,泰安,40.5,微信
11714,U0223,2025-04-22,济宁,206.61,微信
11715,U0067,2025-05-31,临沂,130.56,支付宝
11716,U0122,2025-04-13,淄博,155.02,支付宝
11717,U0150,2025-05-15,潍坊,178.26,支付宝
11718,U0134,2025-01-21,德州,170.48,微信
11719,U0162,2025-04-12,烟台,199.02,支付宝
11720,U0202,2025-03-21,德州,136.05,微信
11721,U0168,2025-03-28,淄博,188.22,微信
11722,U0163,2025-02-26,威海,145.72,支付宝
11723,U0232,2025-03-27,聊城,200.63,支付宝
11724,U0140,2025-02-13,日照,193.85,支付宝
11725,U0120,2025-01-20,聊城,108.55,微信
11726,U0039,2025-05-11,济南,219.73,支付宝
11727,U0104,2025-06-12,泰安,130.52,微信
11728,U0070,2025-01-30,潍坊,204.44,微信
11729,U0300,2025-05-16,日照,180.2,微信
11730,U0056,2025-05-11,济南,261.1,支付宝
11731,U0080,2025-02-19,德州,147.71,支付宝
11732,U0055,2025-03-31,济宁,140.79,支付宝
11733,U0085,2025-03-31,泰安,158.93,微信
11734,U0231,2025-06-15,枣庄,143.33,支付宝
11735,U0239,2025-02-07,威海,204.0,支付宝
11736,U0161,2025-03-02,潍坊,-71.1,支付宝
11737,U0209,2025-01-27,济宁,102.05,支付宝
11738,U0062,2025-02-07,济宁,101.27,微信
11739,U0275,2025-03-07,青岛,212.27,微信
11740,U0184,2025-02-20,临沂,254.08,微信
11741,U0107,2025-02-14,烟台,154.26,微信
11742,U0232,2025-06-04,济宁,150.71,支付宝
11743,U0158,2025-02-09,威海,163.85,支付宝
11744,U0238,2025-06-17,济南,223.9,支付宝
11745,U0136,2025-01-20,聊城,109.0,微信
11746,U0062,2025-02-15,潍坊,173.11,支付宝
11747,U0047,2025-06-10,潍坊,213.64,支付宝
11748,U0081,2025-05-07,威海,187.56,微信
11749,U0156,2025-04-29,日照,170.43,支付宝
11750,U0309,2025-05-25,淄博,215.06,微信
11751,U0021,2025-05-29,青岛,11.32,微信
11752,U0111,2025-04-25,聊城,197.28,微信
11753,U0168,2025-06-24,威海,124.03,支付宝
11754,U0076,2025-05-25,济南,59.32,支付宝
11755,U0047,2025-06-14,德州,,微信
11756,U0128,2025-06-12,泰安,235.55,支付宝
11757,U0183,2025-06-09,日照,152.44,支付宝
11758,U0203,2025-03-24,枣庄,212.41,支付宝
11759,U0263,2025-06-10,枣庄,248.68,支付宝
11760,U0026,2025-03-22,济南,232.32,支付宝
11761,U0154,2025-02-08,临沂,250.2,微信
11762,U0134,2025-04-23,日照,200.82,支付宝
11763,U0090,2025-01-18,德州,164.15,微信
11764,U0016,2025-05-01,淄博,71.89,支付宝
11765,U0208,2025-04-24,青岛,146.47,微信
11766,U0232,2025-06-11,临沂,113.62,微信
11767,U0285,2025-03-19,济南,279.4,微信
11768,U0282,2025-03-12,德州,150.33,支付宝
11769,U0128,2025-06-01,威海,166.78,支付宝
11770,U0049,2025-01-15,淄博,190.33,微信
11771,U0237,2025-04-01,淄博,162.4,支付宝
11772,U0053,2025-05-10,聊城,253.23,微信
11773,U0072,2025-01-19,临沂,125.75,微信
11774,U0063,2025-03-21,威海,170.7,支付宝
11775,U0007,2025-04-29,泰安,119.16,支付宝
11776,U0032,2025-04-26,日照,87.4,支付宝
11777,U0114,2025-01-10,济南,126.35,支付宝
11778,U0067,2025-01-15,烟台,157.96,微信
11779,U0102,2025-04-05,临沂,136.39,支付宝
11780,U0206,2025-03-15,日照,121.92,支付宝
11781,U0191,2025-01-20,济南,82.65,微信
11782,U0044,2025-06-15,泰安,155.43,微信
11783,U0299,2025-01-24,济宁,77.24,微信
11784,U0301,2025.05.09,青岛,201.8,微信
11785,U0133,2025-06-02,德州,164.53,微信
11786,U0039,2025-05-10,潍坊,79.83,支付宝
11787,U0012,2025-04-09,烟台,142.99,支付宝
11788,U0034,2025-04-29,日照,118.63,支付宝
11789,U0102,2025-05-29,潍坊,177.55,支付宝
11790,U0228,2025-05-22,潍坊,233.72,支付宝
11791,U0066,2025-01-11,威海,56.87,微信
11792,U0048,2025-04-26,临沂,166.33,支付宝
11793,U0170,2025-05-27,淄博,151.19,微信
11794,U0063,2025-06-16,济南,196.92,微信
11795,U0022,2025-02-18,聊城,171.73,微信
11796,U0237,2025-03-24,聊城,118.64,支付宝
11797,U0026,2025-06-04,济宁,142.45,支付宝
11798,U0087,2025-05-02,济宁,116.22,支付宝
11799,U0294,2025-05-09,淄博,219.18,支付宝
11800,U0222,2025-02-08,青岛,161.17,支付宝
11801,U0203,2025-01-16,聊城,264.57,微信
11802,U0255,2025-04-26,淄博,156.66,微信
11803,U0016,2025-01-27,威海,121.04,微信
11804,U0196,2025-03-29,烟台,76.75,微信
11805,U0219,2025-01-22,烟台,60.83,微信
11806,U0089,2025-05-10,青岛,72.87,微信
11807,U0182,2025-06-15,临沂,174.69,微信
11808,U0110,2025-02-14,威海,187.98,支付宝
11809,U0096,2025-01-11,临沂,73.03,支付宝
11810,U0141,2025-03-05,枣庄,209.23,微信
11811,U0144,2025-04-23,潍坊,133.43,微信
11812,U0229,2025-04-23,威海,168.07,微信
11813,U0077,2025-05-15,济南,248.67,微信
11814,U0018,2025-05-14,青岛,209.33,支付宝
11815,U0315,2025-06-06,泰安,145.23,支付宝
11816,U0318,2025-02-10,潍坊,110.98,支付宝
11817,U0316,2025-04-04,淄博,41.65,支付宝
11818,U0126,2025-04-06,济宁,120.45,微信
11819,U0152,2025-03-14,淄博,148.39,支付宝
11820,U0256,2025-04-10,济宁,105.71,支付宝
11821,U0211,2025-04-15,淄博,152.78,微信
11822,U0282,2025-03-28,青岛,164.23,支付宝
11823,U0246,2025-06-23,烟台,147.63,微信
11824,U0032,2025-06-03,济宁,124.25,微信
11825,U0045,2025-01-14,德州,169.28,微信
11826,U0144,2025-06-11,淄博,,微信
11827,U0197,2025-06-15,青岛,100.03,微信
11828,U0071,2025-03-27,淄博,237.6,微信
11829,U0215,2025-01-17,德州,154.58,支付宝
11830,U0103,2025-03-26,威海,161.04,微信
11831,U0270,2025-01-25,青岛,198.95,微信
11832,U0128,2025-05-23,聊城,172.83,微信
11833,U0279,2025-06-23,枣庄,212.42,微信
11834,U0010,2025-04-09,潍坊,175.79,支付宝
11835,U0196,2025-03-14,威海,126.32,微信
11836,U0184,2025-03-06,枣庄,179.88,微信
11837,U0246,2025-06-18,德州,97.1,微信
11838,U0279,2025-06-04,临沂,165.97,支付宝
11839,U0249,2025-02-08,德州,158.17,支付宝
11840,U0177,2025-03-27,烟台,,微信
11841,U0290,2025-01-21,德州,152.93,微信
11842,U0258,2025-05-30,枣庄,56.5,微信
11843,U0165,2025-06-19,日照,129.82,微信
11844,U0199,2025-02-06,枣庄,165.11,微信
11845,U0139,2025-03-31,威海,168.79,支付宝
11846,U0093,2025-03-21,济南,103.48,微信
11847,U0014,2025-06-17,枣庄,229.61,支付宝
11848,U0164,2025-06-28,济宁,112.36,微信
11849,U0306,2025-06-19, 青岛 ,213.32,微信
11850,U0113,2025-04-11,济宁,183.5,支付宝
11851,U0016,2025-02-03,潍坊,124.46,微信
11852,U0144,2025-06-02,日照,257.64,微信
11853,U0030,2025-01-22,德州,94.35,微信
11854,U0242,2025-03-21,临沂,210.55,微信
11855,U0272,2025-05-24,日照,215.03,微信
11856,U0184,2025-04-07,聊城,123.12,微信
11857,U0300,2025-06-14,临沂,236.59,支付宝
11858,U0120,2025-03-26,德州,146.25,微信
11859,U0082,2025-02-02,烟台,175.88,微信
11860,U0052,2025-06-21,潍坊,174.32,微信
11861,U0127,2025-06-29,烟台,152.61,支付宝
11862,U0124,2025-06-25,淄博,204.59,支付宝
11863,U0137,2025-05-15,淄博,203.64,支付宝
11864,U0274,2025-01-24,济南,63.83,微信
11865,U0029,2025-06-15,聊城,231.74,微信
11866,U0113,2025-06-21, 青岛 ,68.56,微信
11867,U0295,2025-04-19,临沂,216.79,微信
11868,U0199,2025-05-11,青岛,221.97,微信
11869,U0182,2025-04-03,济宁,100.0,微信
11870,U0089,2025-01-05,潍坊,137.41,微信
11871,U0091,2025-04-03,日照,99.19,支付宝
11872,U0122,2025-03-21,聊城,148.18,微信
11873,U0304,2025-02-16,烟台,143.06,微信
11874,U0163,2025-02-24,济宁,202.88,微信
11875,U0184,2025-03-29,淄博,232.07,微信
11876,U0303,2025-05-05,泰安,17500.0,支付宝
11877,U0015,2025-02-19,枣庄,129.08,支付宝
11878,U0181,2025-02-27,烟台,148.49,微信
11879,U0291,2025-02-05,烟台,67.41,支付宝
11880,U0289,2025-02-09,临沂,115.68,微信
11881,U0073,2025-01-20,威海,213.07,微信
11882,U0289,2025-03-17,青岛,248.86,支付宝
11883,U0097,2025-01-26,泰安,92.11,支付宝
11884,U0253,2025-05-10,聊城,127.41,支付宝
11885,U0278,2025-05-19,日照,158.55,微信
11886,U0159,2025-05-15,临沂,175.41,微信
11887,U0090,2025-01-10,枣庄,115.47,支付宝
11888,U0252,2025-06-19,聊城,183.32,微信
11889,U0020,2025-03-28,临沂,133.94,支付宝
11890,U0047,2025-06-08,临沂,159.21,微信
11891,U0029,2025-02-03,聊城,190.05,支付宝
11892,U0120,2025-06-02,临沂,160.35,微信
11893,U0309,2025-04-07,青岛,136.0,微信
11894,U0113,2025-02-09,临沂,153.97,支付宝
11895,U0011,2025-02-11,临沂,155.14,支付宝
11896,U0270,2025-02-16,临沂,139.65,支付宝
11897,U0245,2025-06-27,临沂,145.77,微信
11898,U0001,2025-06-09,威海,247.93,微信
11899,U0170,2025-02-12,烟台,190.85,支付宝
11900,U0315,,泰安,143.75,支付宝
11901,U0104,2025-01-12,德州,198.33,微信
11902,U0067,2025-04-16,济宁,141.64,支付宝
11903,U0175,2025-04-04,济宁,224.52,支付宝
11904,U0091,2025-06-23,济宁,180.33,支付宝
11905,U0166,2025-03-02,日照,154.1,支付宝
11906,U0031,2025-04-24,日照,184.62,支付宝
11907,U0012,2025-06-06,枣庄,73.6,微信
11908,U0076,2025-03-14,威海,98.03,支付宝
11909,U0301,2025-04-25,济南,94.33,支付宝
11910,U0073,2025-03-01,德州,167.86,支付宝
11911,U0057,2025-05-17,淄博,255.29,微信
11912,U0270,2025-03-03,济南,282.72,微信
11913,U0187,2025-03-21,枣庄,195.09,支付宝
11914,U0038,2025-05-01,烟台,187.55,支付宝
11915,U0192,2025-02-19,威海,60.94,微信
11916,U0203,2025-04-05,烟台,130.15,微信
11917,U0301,2025-06-23,枣庄,116.67,支付宝
11918,U0052,2025-05-27,威海,125.85,微信
11919,U0173,2025-04-23,青岛,150.75,支付宝
11920,U0155,2025-04-29,枣庄,134.04,支付宝
11921,U0166,2025-03-14,泰安,51.14,微信
11922,U0070,2025-04-08,德州,201.14,微信
11923,U0081,2025-05-09,淄博,101.0,微信
11924,U0224,2025-05-16,青岛,173.16,支付宝
11925,U0250,2025-04-18,潍坊,274.07,支付宝
11926,U0163,2025-02-11,临沂,15600.0,微信
11927,U0090,2025-02-21,德州,20.83,微信
11928,U0288,2025-06-04,威海,144.27,微信
11929,U0315,2025-02-05,泰安,220.55,支付宝
11930,U0183,2025-03-06,济南,267.71,微信
11931,U0115,2025-01-14,淄博,92.37,支付宝
11932,U0302,2025-06-14,德州,187.32,微信
11933,U0090,2025-05-04,潍坊,134.41,支付宝
11934,U0194,2025-04-06,枣庄,154.17,微信
11935,U0158,2025-05-22,淄博,305.44,微信
11936,U0151,2025-01-27,济南,77.34,支付宝
11937,U0066,2025-05-13,淄博,173.96,支付宝
11938,U0091,2025-02-01,烟台,185.72,支付宝
11939,U0001,2025-03-14,潍坊,219.72,支付宝
11940,U0294,2025-01-22,日照,165.39,支付宝
11941,U0201,2025-02-11,德州,176.94,支付宝
11942,U0291,2025-03-11,泰安,138.46,支付宝
11943,U0017,2025-04-26,枣庄,174.8,支付宝
11944,U0094,2025-05-12,济宁,141.12,支付宝
11945,U0309,2025-02-07,聊城,194.19,支付宝
11946,U0163,2025-04-22,淄博,139.67,微信
11947,U0314,2025-01-24,枣庄,180.74,支付宝
11948,U0114,2025-02-26,烟台,158.39,微信
11949,U0290,2025-04-26,聊城,221.93,微信
11950,U0054,2025-03-31,济南,157.17,支付宝
11951,U0255,2025-01-07,济南,62.48,支付宝
11952,U0073,2025-04-17,日照,229.41,支付宝
11953,U0170,2025-01-14,临沂,110.18,微信
11954,U0040,2025-04-12,潍坊,124.04,微信
11955,U0122,2025-05-09,威海,127.24,微信
11956,U0178,2025-04-06,济宁,235.59,微信
11957,U0164,2025-03-02,烟台,42.54,微信
11958,U0086,2025-04-09,烟台,332.58,微信
11959,U0046,2025-01-21,威海,218.08,支付宝
11960,U0172,2025-04-06,青岛,172.28,微信
11961,U0229,2025-02-27,泰安,156.98,微信
11962,U0006,2025-01-08,淄博,175.71,支付宝
11963,U0136,2025-03-23,青岛,188.66,支付宝
11964,U0108,2025-01-26,临沂,195.49,微信
11965,U0128,2025-06-16,青岛,190.56,支付宝
11966,U0035,2025-03-27,枣庄,164.93,微信
11967,U0180,2025-02-07,威海,149.15,微信
11968,U0132,2025-02-05,烟台,151.68,支付宝
11969,U0056,2025-01-10,烟台,149.28,支付宝
11970,U0001,2025-03-15,泰安,222.36,微信
11971,U0025,2025-05-01,枣庄,192.65,支付宝
11972,U0198,2025-06-28,潍坊,1.72,支付宝
11973,U0225,2025-02-05,,196.07,支付宝
11974,U0215,2025-06-30,潍坊,170.71,支付宝
11975,U0086,2025-05-01,聊城,158.97,支付宝
11976,U0212,2025-04-25,德州,138.63,微信
11977,U0253,2025-06-07,烟台,221.83,微信
11978,U0194,2025-01-02,烟台,212.11,支付宝
11979,U0180,2025-01-21,潍坊,117.49,微信
11980,U0280,2025-01-05,青岛,-182.39,支付宝
11981,U0193,2025-03-07,枣庄,106.56,支付宝
11982,U0052,2025-02-25,泰安,84.12,支付宝
11983,U0246,2025-02-08,威海,125.53,支付宝
11984,U0296,2025-05-21,泰安,207.43,支付宝
11985,U0116,2025-06-05,威海,212.42,支付宝
11986,U0084,2025-05-16,日照,188.22,微信
11987,U0232,2025-04-19,临沂,199.88,微信
11988,U0038,2025-01-29,济宁,188.39,微信
11989,U0018,2025-03-15,聊城,124.72,支付宝
11990,U0151,2025-03-02,青岛,183.76,微信
11991,U0011,2025-03-19,德州,204.02,支付宝
11992,U0164,2025-02-01,临沂,201.49,支付宝
11993,U0134,2025-01-13,淄博,225.39,微信
11994,U0054,2025-03-03,潍坊,198.96,支付宝
11995,U0038,2025-04-18,潍坊,179.33,支付宝
11996,U0176,2025-06-13,临沂,218.86,支付宝
11997,U0088,2025-06-09,泰安,158.54,微信
11998,U0193,2025-04-28,德州,111.5,支付宝
11999,U0083,2025-01-17,聊城,151.03,支付宝
12000,U0039,2025-01-29,泰安,119.03,支付宝
10116,U0187,2025-04-28,淄博,176.59,支付宝
11780,U0206,2025-03-15,日照,121.92,支付宝
11450,U0116,2025-03-12,烟台,161.17,支付宝
10146,U0128,2025-04-30,潍坊,203.0,支付宝
11010,U0200,2025-02-01,济宁,130.56,微信
11841,U0290,2025-01-21,德州,152.93,微信
10580,U0004,2025-03-27,济南,222.91,支付宝
10415,U0296,2025-06-12,泰安,178.28,微信
10037,U0177,2025-03-13,泰安,171.49,支付宝
10453,U0273,2025-04-01,潍坊,105.79,支付宝
11717,U0150,2025-05-15,潍坊,-178.26,支付宝
11817,U0316,2025-04-04,淄博,41.65,支付宝
10436,U0105,2025-01-10,青岛,164.08,微信
10696,U0012,2025-06-21,枣庄,142.97,微信
11847,U0014,2025-06-17, 枣庄 ,229.61,支付宝
10070,U0183,2025-01-26,烟台,124.52,微信
10855,U0256,2025-01-24,淄博,238.13,支付宝
11603,U0033,2025-03-28,淄博,124.47,支付宝
11221,U0220,2025-02-12,潍坊,94.68,支付宝
11404,U0254,2025-06-07,日照,199.54,微信
10632,U0104,2025-04-25,济南,244.13,支付宝
10816,U0123,2025-01-23,济宁,78.29,支付宝
10870,U0031,2025-05-21,威海,270.56,微信
10618,U0112,2025-02-01,济宁,199.92,支付宝
11103,U0144,2025-02-10,,274.86,微信
11421,U0081,2025-01-16,淄博,189.61,微信
11177,U0044,2025-06-01,济宁,66.89,支付宝
10765,U0193,2025-03-21,日照,223.21,支付宝
10333,U0241,2025-01-18,枣庄,164.17,微信
11669,U0238,2025-03-07,烟台,206.23,支付宝
11785,U0133,2025-06-02,德州,164.53,微信
11417,U0051,2025-04-05,淄博,163.14,微信
10996,U0222,2025-05-20,青岛,144.54,支付宝
11353,U0180,2025-04-27,德州,189.78,微信
10882,U0112,2025-01-31,德州,130.8,支付宝
